/*******************************************************************************
 * Size: 32 px
 * Bpp: 4
 * Opts: --bpp 4 --size 32 --font main/fonts/kode_mono/KodeMono-Bold.ttf -r 0x20-0x7E --autohint-strong --format lvgl --no-compress --no-prefilter --no-kerning --lv-include lvgl.h --lv-font-name ui_font_kode_bold_32 -o main/fonts/kode_mono/ui_font_kode_bold_32.c
 ******************************************************************************/

#ifdef LV_LVGL_H_INCLUDE_SIMPLE
#include "lvgl.h"
#else
#include "lvgl.h"
#endif

#ifndef UI_FONT_KODE_BOLD_32
#define UI_FONT_KODE_BOLD_32 1
#endif

#if UI_FONT_KODE_BOLD_32

/*-----------------
 *    BITMAPS
 *----------------*/

/*Store the image of the glyphs*/
static LV_ATTRIBUTE_LARGE_CONST const uint8_t glyph_bitmap[] = {
    /* U+0020 " " */

    /* U+0021 "!" */
    0xef, 0xff, 0xe, 0xff, 0xf0, 0xef, 0xff, 0xe,
    0xff, 0xf0, 0xef, 0xff, 0xe, 0xff, 0xf0, 0xef,
    0xff, 0xe, 0xff, 0xf0, 0xef, 0xff, 0xe, 0xff,
    0xf0, 0xef, 0xff, 0xe, 0xff, 0xf0, 0xef, 0xff,
    0xe, 0xff, 0xf0, 0xef, 0xff, 0xe, 0xff, 0xf0,
    0xef, 0xff, 0x0, 0x0, 0x0, 0x0, 0x0, 0x0,
    0x0, 0x0, 0x0, 0x0, 0xf, 0xff, 0xff, 0xff,
    0xff, 0xff, 0xff, 0xff, 0xff, 0xff, 0xf0,

    /* U+0022 "\"" */
    0xff, 0xfe, 0x0, 0xe, 0xff, 0xff, 0xff, 0xe0,
    0x0, 0xef, 0xff, 0xff, 0xfe, 0x0, 0xe, 0xff,
    0xff, 0xff, 0xe0, 0x0, 0xef, 0xff, 0xff, 0xfe,
    0x0, 0xe, 0xff, 0xff, 0xff, 0xe0, 0x0, 0xef,
    0xff, 0xff, 0xfe, 0x0, 0xe, 0xff, 0xff, 0xff,
    0xe0, 0x0, 0xef, 0xff, 0xff, 0xfe, 0x0, 0xe,
    0xff, 0xff, 0xff, 0xe0, 0x0, 0xef, 0xff,

    /* U+0023 "#" */
    0x0, 0x0, 0x2, 0xff, 0xf5, 0x0, 0x6f, 0xff,
    0x30, 0x0, 0x0, 0x4, 0xff, 0xf2, 0x0, 0x8f,
    0xff, 0x0, 0x0, 0x0, 0x7, 0xff, 0xf0, 0x0,
    0xbf, 0xfc, 0x0, 0x0, 0x0, 0xa, 0xff, 0xc0,
    0x0, 0xef, 0xf9, 0x0, 0x0, 0x0, 0xd, 0xff,
    0x90, 0x1, 0xff, 0xf6, 0x0, 0x0, 0xaa, 0xaf,
    0xff, 0xda, 0xab, 0xff, 0xfb, 0xaa, 0x0, 0xff,
    0xff, 0xff, 0xff, 0xff, 0xff, 0xff, 0xff, 0x0,
    0xff, 0xff, 0xff, 0xff, 0xff, 0xff, 0xff, 0xff,
    0x0, 0xff, 0xff, 0xff, 0xff, 0xff, 0xff, 0xff,
    0xff, 0x0, 0x0, 0xbf, 0xfc, 0x0, 0xf, 0xff,
    0x80, 0x0, 0x0, 0x0, 0xef, 0xf9, 0x0, 0x2f,
    0xff, 0x50, 0x0, 0x0, 0x0, 0xff, 0xf6, 0x0,
    0x4f, 0xff, 0x30, 0x0, 0x0, 0x3, 0xff, 0xf3,
    0x0, 0x7f, 0xff, 0x0, 0x0, 0x0, 0x6, 0xff,
    0xf1, 0x0, 0xaf, 0xfd, 0x0, 0x0, 0x0, 0x8,
    0xff, 0xe0, 0x0, 0xcf, 0xfb, 0x0, 0x0, 0xff,
    0xff, 0xff, 0xff, 0xff, 0xff, 0xff, 0xff, 0x0,
    0xff, 0xff, 0xff, 0xff, 0xff, 0xff, 0xff, 0xff,
    0x0, 0xff, 0xff, 0xff, 0xff, 0xff, 0xff, 0xff,
    0xff, 0x0, 0xaa, 0xcf, 0xff, 0xba, 0xad, 0xff,
    0xfa, 0xaa, 0x0, 0x0, 0x6f, 0xff, 0x10, 0xb,
    0xff, 0xd0, 0x0, 0x0, 0x0, 0x9f, 0xfe, 0x0,
    0xd, 0xff, 0xa0, 0x0, 0x0, 0x0, 0xdf, 0xfb,
    0x0, 0xf, 0xff, 0x70, 0x0, 0x0, 0x0, 0xff,
    0xf8, 0x0, 0x3f, 0xff, 0x40, 0x0, 0x0, 0x3,
    0xff, 0xf6, 0x0, 0x5f, 0xff, 0x10, 0x0, 0x0,

    /* U+0024 "$" */
    0x0, 0x0, 0x0, 0xf, 0xff, 0xe0, 0x0, 0x0,
    0x0, 0x0, 0x0, 0x0, 0xff, 0xfe, 0x0, 0x0,
    0x0, 0x0, 0x0, 0x0, 0xf, 0xff, 0xe0, 0x0,
    0x0, 0x0, 0x0, 0x8f, 0xff, 0xff, 0xff, 0xff,
    0xf5, 0x0, 0x0, 0x7f, 0xff, 0xff, 0xff, 0xff,
    0xff, 0xe1, 0x0, 0x6f, 0xff, 0xff, 0xff, 0xff,
    0xff, 0xff, 0x90, 0xf, 0xff, 0xfc, 0xaa, 0xaa,
    0xaa, 0xff, 0xfe, 0x0, 0xff, 0xfe, 0x0, 0x0,
    0x0, 0x7, 0xfe, 0x30, 0xf, 0xff, 0xe0, 0x0,
    0x0, 0x0, 0xb, 0x30, 0x0, 0xff, 0xfe, 0x0,
    0x0, 0x0, 0x0, 0x0, 0x0, 0xf, 0xff, 0xe0,
    0x0, 0x0, 0x0, 0x0, 0x0, 0x0, 0xff, 0xfe,
    0x0, 0x0, 0x0, 0x0, 0x0, 0x0, 0xd, 0xff,
    0xf8, 0x0, 0x0, 0x0, 0x0, 0x0, 0x0, 0x3f,
    0xff, 0xff, 0xff, 0xff, 0xff, 0xf9, 0x0, 0x0,
    0x8f, 0xff, 0xff, 0xff, 0xff, 0xff, 0xf4, 0x0,
    0x0, 0xdf, 0xff, 0xff, 0xff, 0xff, 0xff, 0xe0,
    0x0, 0x3, 0xaa, 0xaa, 0xaa, 0xaa, 0xdf, 0xff,
    0x90, 0x0, 0x0, 0x0, 0x0, 0x0, 0x2, 0xff,
    0xfe, 0x0, 0x0, 0x0, 0x0, 0x0, 0x0, 0xf,
    0xff, 0xe0, 0x0, 0x0, 0x0, 0x0, 0x0, 0x0,
    0xff, 0xfe, 0x0, 0x2, 0x0, 0x0, 0x0, 0x0,
    0xf, 0xff, 0xe0, 0x8, 0xe1, 0x0, 0x0, 0x0,
    0x0, 0xff, 0xfe, 0x7, 0xff, 0xda, 0xaa, 0xaa,
    0xaa, 0xbf, 0xff, 0xe0, 0xef, 0xff, 0xff, 0xff,
    0xff, 0xff, 0xff, 0xf9, 0x5, 0xff, 0xff, 0xff,
    0xff, 0xff, 0xff, 0xfa, 0x0, 0xa, 0xff, 0xff,
    0xff, 0xff, 0xff, 0xfb, 0x0, 0x0, 0x0, 0x0,
    0xf, 0xff, 0xe0, 0x0, 0x0, 0x0, 0x0, 0x0,
    0x0, 0xff, 0xfe, 0x0, 0x0, 0x0, 0x0, 0x0,
    0x0, 0xf, 0xff, 0xe0, 0x0, 0x0, 0x0, 0x0,
    0x0, 0x0, 0xff, 0xfe, 0x0, 0x0, 0x0, 0x0,
    0x0, 0x0, 0x8, 0x88, 0x70, 0x0, 0x0, 0x0,

    /* U+0025 "%" */
    0x0, 0xb, 0xff, 0xa0, 0x0, 0x0, 0x0, 0x1,
    0x90, 0x0, 0x0, 0x8f, 0xff, 0xf8, 0x0, 0x0,
    0x0, 0xb, 0xfd, 0x30, 0x0, 0xff, 0xff, 0xff,
    0x0, 0x0, 0x0, 0x7f, 0xff, 0xf1, 0x0, 0xff,
    0xff, 0xff, 0x0, 0x0, 0x4, 0xff, 0xff, 0x80,
    0x0, 0xff, 0xff, 0xff, 0x0, 0x0, 0x1e, 0xff,
    0xfc, 0x0, 0x0, 0x9f, 0xff, 0xf8, 0x0, 0x0,
    0xbf, 0xff, 0xe1, 0x0, 0x0, 0xb, 0xff, 0xa0,
    0x0, 0x8, 0xff, 0xff, 0x50, 0x0, 0x0, 0x0,
    0x0, 0x0, 0x0, 0x4f, 0xff, 0xf9, 0x0, 0x0,
    0x0, 0x0, 0x0, 0x0, 0x1, 0xef, 0xff, 0xc0,
    0x0, 0x0, 0x0, 0x0, 0x0, 0x0, 0xb, 0xff,
    0xff, 0x20, 0x0, 0x0, 0x0, 0x0, 0x0, 0x0,
    0x8f, 0xff, 0xf5, 0x0, 0x0, 0x0, 0x0, 0x0,
    0x0, 0x4, 0xff, 0xff, 0x90, 0x0, 0x0, 0x0,
    0x0, 0x0, 0x0, 0x1e, 0xff, 0xfd, 0x0, 0x0,
    0x0, 0x0, 0x0, 0x0, 0x0, 0xbf, 0xff, 0xf2,
    0x0, 0x0, 0x0, 0x0, 0x0, 0x0, 0x8, 0xff,
    0xff, 0x60, 0x0, 0x0, 0x0, 0x0, 0x0, 0x0,
    0x4f, 0xff, 0xfa, 0x0, 0x0, 0x0, 0x0, 0x0,
    0x0, 0x1, 0xef, 0xff, 0xd0, 0x0, 0xb, 0xff,
    0xa0, 0x0, 0x0, 0xb, 0xff, 0xff, 0x30, 0x0,
    0x8f, 0xff, 0xf8, 0x0, 0x0, 0x8f, 0xff, 0xf6,
    0x0, 0x0, 0xff, 0xff, 0xff, 0x0, 0x4, 0xff,
    0xff, 0xa0, 0x0, 0x0, 0xff, 0xff, 0xff, 0x0,
    0x1e, 0xff, 0xfe, 0x10, 0x0, 0x0, 0xff, 0xff,
    0xff, 0x0, 0x9, 0xff, 0xf3, 0x0, 0x0, 0x0,
    0x8f, 0xff, 0xf8, 0x0, 0x0, 0x8f, 0x70, 0x0,
    0x0, 0x0, 0xa, 0xff, 0xa0, 0x0, 0x0, 0x4,
    0x0, 0x0, 0x0, 0x0, 0x0, 0x0, 0x0, 0x0,

    /* U+0026 "&" */
    0x0, 0x0, 0x2d, 0xff, 0xff, 0xff, 0xf6, 0x0,
    0x0, 0x0, 0x0, 0x3e, 0xff, 0xff, 0xff, 0xff,
    0xe1, 0x0, 0x0, 0x0, 0x4f, 0xff, 0xff, 0xff,
    0xff, 0xff, 0xa0, 0x0, 0x0, 0xf, 0xff, 0xff,
    0xaa, 0xaa, 0xef, 0xff, 0x0, 0x0, 0x0, 0xff,
    0xff, 0x60, 0x0, 0x4f, 0xff, 0xf0, 0x0, 0x0,
    0xe, 0xff, 0xfd, 0x0, 0x4f, 0xff, 0xf9, 0x0,
    0x0, 0x0, 0x3f, 0xff, 0xf8, 0x4f, 0xff, 0xf9,
    0x0, 0x0, 0x0, 0x0, 0x5f, 0xff, 0xff, 0xff,
    0xfa, 0x0, 0x0, 0x0, 0x0, 0x0, 0x8f, 0xff,
    0xff, 0xfa, 0x0, 0x0, 0x0, 0x0, 0x0, 0x0,
    0xbf, 0xff, 0xfb, 0x0, 0x0, 0x0, 0x0, 0x0,
    0x0, 0x3f, 0xff, 0xff, 0x50, 0x0, 0x0, 0x0,
    0x0, 0x0, 0x2e, 0xff, 0xff, 0xfe, 0x0, 0xa,
    0xaa, 0xaa, 0x0, 0x2e, 0xff, 0xff, 0xff, 0xf9,
    0x0, 0xff, 0xff, 0xf0, 0x1e, 0xff, 0xfd, 0x2f,
    0xff, 0xf3, 0xf, 0xff, 0xff, 0x1d, 0xff, 0xfe,
    0x10, 0x6f, 0xff, 0xd0, 0xff, 0xff, 0xfd, 0xff,
    0xfe, 0x20, 0x0, 0xcf, 0xff, 0x9d, 0xff, 0xfe,
    0xff, 0xff, 0x30, 0x0, 0x2, 0xff, 0xff, 0xff,
    0xff, 0x3f, 0xff, 0xe0, 0x0, 0x0, 0x8, 0xff,
    0xff, 0xff, 0x50, 0xff, 0xfe, 0x0, 0x0, 0x0,
    0xe, 0xff, 0xff, 0x60, 0xf, 0xff, 0xe0, 0x0,
    0x0, 0x4, 0xff, 0xff, 0xe0, 0x0, 0xef, 0xff,
    0xba, 0xaa, 0xaa, 0xff, 0xff, 0xff, 0x80, 0x7,
    0xff, 0xff, 0xff, 0xff, 0xff, 0xff, 0xff, 0xff,
    0x30, 0xe, 0xff, 0xff, 0xff, 0xff, 0xff, 0xc6,
    0xff, 0xfd, 0x0, 0x6f, 0xff, 0xff, 0xff, 0xff,
    0xd1, 0xb, 0xff, 0xf9,

    /* U+0027 "'" */
    0xff, 0xfe, 0xff, 0xfe, 0xff, 0xfe, 0xff, 0xfe,
    0xff, 0xfe, 0xff, 0xfe, 0xff, 0xfe, 0xff, 0xfe,
    0xff, 0xfe, 0xff, 0xfe,

    /* U+0028 "(" */
    0x0, 0x0, 0x0, 0x0, 0x7, 0x10, 0x0, 0x0,
    0x0, 0x0, 0x8, 0xfc, 0x0, 0x0, 0x0, 0x0,
    0x8, 0xff, 0xfa, 0x0, 0x0, 0x0, 0x8, 0xff,
    0xff, 0xf6, 0x0, 0x0, 0x8, 0xff, 0xff, 0xfd,
    0x10, 0x0, 0x8, 0xff, 0xff, 0xfd, 0x10, 0x0,
    0x8, 0xff, 0xff, 0xfe, 0x20, 0x0, 0x7, 0xff,
    0xff, 0xfe, 0x20, 0x0, 0x7, 0xff, 0xff, 0xfe,
    0x20, 0x0, 0x7, 0xff, 0xff, 0xff, 0x30, 0x0,
    0x0, 0xff, 0xff, 0xff, 0x30, 0x0, 0x0, 0xf,
    0xff, 0xff, 0x40, 0x0, 0x0, 0x0, 0xff, 0xff,
    0xf0, 0x0, 0x0, 0x0, 0xf, 0xff, 0xff, 0x0,
    0x0, 0x0, 0x0, 0xff, 0xff, 0xf0, 0x0, 0x0,
    0x0, 0xf, 0xff, 0xff, 0x0, 0x0, 0x0, 0x0,
    0xff, 0xff, 0xf0, 0x0, 0x0, 0x0, 0xf, 0xff,
    0xff, 0x0, 0x0, 0x0, 0x0, 0xff, 0xff, 0xf0,
    0x0, 0x0, 0x0, 0xf, 0xff, 0xff, 0x0, 0x0,
    0x0, 0x0, 0xff, 0xff, 0xf0, 0x0, 0x0, 0x0,
    0xf, 0xff, 0xff, 0x0, 0x0, 0x0, 0x0, 0xff,
    0xff, 0xf0, 0x0, 0x0, 0x0, 0xf, 0xff, 0xff,
    0x0, 0x0, 0x0, 0x0, 0xff, 0xff, 0xf0, 0x0,
    0x0, 0x0, 0xf, 0xff, 0xff, 0xc0, 0x0, 0x0,
    0x0, 0xdf, 0xff, 0xff, 0xb0, 0x0, 0x0, 0x1,
    0xdf, 0xff, 0xff, 0xa0, 0x0, 0x0, 0x1, 0xdf,
    0xff, 0xff, 0xa0, 0x0, 0x0, 0x1, 0xdf, 0xff,
    0xff, 0x90, 0x0, 0x0, 0x1, 0xdf, 0xff, 0xff,
    0x80, 0x0, 0x0, 0x1, 0xdf, 0xff, 0xff, 0x80,
    0x0, 0x0, 0x1, 0xdf, 0xff, 0xff, 0x60, 0x0,
    0x0, 0x1, 0xdf, 0xff, 0xe1, 0x0, 0x0, 0x0,
    0x1, 0xdf, 0xf3, 0x0, 0x0, 0x0, 0x0, 0x1,
    0xd6, 0x0, 0x0, 0x0, 0x0, 0x0, 0x0, 0x0,
    0x0,

    /* U+0029 ")" */
    0x0, 0x8, 0x0, 0x0, 0x0, 0x0, 0x0, 0xb,
    0xfa, 0x0, 0x0, 0x0, 0x0, 0xa, 0xff, 0xfa,
    0x0, 0x0, 0x0, 0x7, 0xff, 0xff, 0xf9, 0x0,
    0x0, 0x0, 0x1d, 0xff, 0xff, 0xf9, 0x0, 0x0,
    0x0, 0x1e, 0xff, 0xff, 0xf9, 0x0, 0x0, 0x0,
    0x2e, 0xff, 0xff, 0xf8, 0x0, 0x0, 0x0, 0x2e,
    0xff, 0xff, 0xf8, 0x0, 0x0, 0x0, 0x2e, 0xff,
    0xff, 0xf8, 0x0, 0x0, 0x0, 0x3f, 0xff, 0xff,
    0xf7, 0x0, 0x0, 0x0, 0x3f, 0xff, 0xff, 0xf0,
    0x0, 0x0, 0x0, 0x4f, 0xff, 0xff, 0x0, 0x0,
    0x0, 0x0, 0xff, 0xff, 0xf0, 0x0, 0x0, 0x0,
    0xf, 0xff, 0xff, 0x0, 0x0, 0x0, 0x0, 0xff,
    0xff, 0xf0, 0x0, 0x0, 0x0, 0xf, 0xff, 0xff,
    0x0, 0x0, 0x0, 0x0, 0xff, 0xff, 0xf0, 0x0,
    0x0, 0x0, 0xf, 0xff, 0xff, 0x0, 0x0, 0x0,
    0x0, 0xff, 0xff, 0xf0, 0x0, 0x0, 0x0, 0xf,
    0xff, 0xff, 0x0, 0x0, 0x0, 0x0, 0xff, 0xff,
    0xf0, 0x0, 0x0, 0x0, 0xf, 0xff, 0xff, 0x0,
    0x0, 0x0, 0x0, 0xff, 0xff, 0xf0, 0x0, 0x0,
    0x0, 0xf, 0xff, 0xff, 0x0, 0x0, 0x0, 0x0,
    0xff, 0xff, 0xf0, 0x0, 0x0, 0x0, 0xcf, 0xff,
    0xff, 0x0, 0x0, 0x0, 0xbf, 0xff, 0xff, 0xd0,
    0x0, 0x0, 0xbf, 0xff, 0xff, 0xd1, 0x0, 0x0,
    0xaf, 0xff, 0xff, 0xd1, 0x0, 0x0, 0x9f, 0xff,
    0xff, 0xd1, 0x0, 0x0, 0x9f, 0xff, 0xff, 0xd1,
    0x0, 0x0, 0x8f, 0xff, 0xff, 0xd1, 0x0, 0x0,
    0x6f, 0xff, 0xff, 0xd1, 0x0, 0x0, 0x2, 0xef,
    0xff, 0xd1, 0x0, 0x0, 0x0, 0x3, 0xff, 0xd1,
    0x0, 0x0, 0x0, 0x0, 0x5, 0xd1, 0x0, 0x0,
    0x0, 0x0, 0x0, 0x0, 0x0, 0x0, 0x0, 0x0,
    0x0,

    /* U+002A "*" */
    0x0, 0x0, 0x0, 0xff, 0xfe, 0x0, 0x0, 0x0,
    0x0, 0x0, 0xf, 0xff, 0xe0, 0x0, 0x0, 0x0,
    0x0, 0x0, 0xff, 0xfe, 0x0, 0x0, 0x0, 0x2e,
    0x94, 0xf, 0xff, 0xe0, 0x4a, 0xe0, 0x7, 0xff,
    0xfe, 0xff, 0xff, 0xff, 0xff, 0x50, 0xcf, 0xff,
    0xff, 0xff, 0xff, 0xff, 0xfa, 0xd, 0xff, 0xff,
    0xff, 0xff, 0xff, 0xff, 0xb0, 0x3, 0x8d, 0xff,
    0xff, 0xff, 0xd7, 0x20, 0x0, 0x0, 0x9f, 0xff,
    0xff, 0xf7, 0x0, 0x0, 0x0, 0x5f, 0xff, 0xff,
    0xff, 0xf3, 0x0, 0x0, 0x1e, 0xff, 0xfb, 0xdf,
    0xff, 0xd0, 0x0, 0x5, 0xff, 0xfe, 0x13, 0xff,
    0xff, 0x30, 0x0, 0x3, 0xef, 0x40, 0x7, 0xfd,
    0x20, 0x0, 0x0, 0x1, 0x60, 0x0, 0x7, 0x0,
    0x0,

    /* U+002B "+" */
    0x0, 0x0, 0xf, 0xff, 0xe0, 0x0, 0x0, 0x0,
    0x0, 0xf, 0xff, 0xe0, 0x0, 0x0, 0x0, 0x0,
    0xf, 0xff, 0xe0, 0x0, 0x0, 0x0, 0x0, 0xf,
    0xff, 0xe0, 0x0, 0x0, 0x0, 0x0, 0xf, 0xff,
    0xe0, 0x0, 0x0, 0xaa, 0xaa, 0xaf, 0xff, 0xfa,
    0xaa, 0xaa, 0xff, 0xff, 0xff, 0xff, 0xff, 0xff,
    0xff, 0xff, 0xff, 0xff, 0xff, 0xff, 0xff, 0xff,
    0xff, 0xff, 0xff, 0xff, 0xff, 0xff, 0xff, 0x0,
    0x0, 0xf, 0xff, 0xe0, 0x0, 0x0, 0x0, 0x0,
    0xf, 0xff, 0xe0, 0x0, 0x0, 0x0, 0x0, 0xf,
    0xff, 0xe0, 0x0, 0x0, 0x0, 0x0, 0xf, 0xff,
    0xe0, 0x0, 0x0, 0x0, 0x0, 0xf, 0xff, 0xe0,
    0x0, 0x0,

    /* U+002C "," */
    0xff, 0xff, 0xfe, 0xff, 0xff, 0xfe, 0xff, 0xff,
    0xfe, 0xff, 0xff, 0xfe, 0xff, 0xff, 0xfe, 0xff,
    0xff, 0xfe, 0x0, 0xff, 0xfe, 0x0, 0xff, 0xfe,
    0x2, 0xff, 0xfe, 0x1d, 0xff, 0xfd, 0x8f, 0xff,
    0xf3, 0xe, 0xff, 0x40, 0x4, 0xf4, 0x0, 0x0,
    0x20, 0x0,

    /* U+002D "-" */
    0xaa, 0xaa, 0xaa, 0xaa, 0xaa, 0xaa, 0xff, 0xff,
    0xff, 0xff, 0xff, 0xff, 0xff, 0xff, 0xff, 0xff,
    0xff, 0xff, 0xff, 0xff, 0xff, 0xff, 0xff, 0xff,

    /* U+002E "." */
    0xff, 0xff, 0xff, 0xff, 0xff, 0xff, 0xff, 0xff,
    0xff, 0xff, 0xff, 0xff, 0xff, 0xff, 0xff, 0xff,
    0xff, 0xff,

    /* U+002F "/" */
    0x0, 0x0, 0x0, 0x0, 0x0, 0x0, 0x0, 0x0,
    0x0, 0x0, 0x0, 0x0, 0x0, 0xfb, 0x50, 0x0,
    0x0, 0x0, 0x0, 0x0, 0x5f, 0xff, 0x50, 0x0,
    0x0, 0x0, 0x0, 0xb, 0xff, 0xf1, 0x0, 0x0,
    0x0, 0x0, 0x0, 0xff, 0xfb, 0x0, 0x0, 0x0,
    0x0, 0x0, 0x5f, 0xff, 0x50, 0x0, 0x0, 0x0,
    0x0, 0xb, 0xff, 0xf1, 0x0, 0x0, 0x0, 0x0,
    0x0, 0xff, 0xfb, 0x0, 0x0, 0x0, 0x0, 0x0,
    0x5f, 0xff, 0x50, 0x0, 0x0, 0x0, 0x0, 0xb,
    0xff, 0xf1, 0x0, 0x0, 0x0, 0x0, 0x0, 0xff,
    0xfb, 0x0, 0x0, 0x0, 0x0, 0x0, 0x5f, 0xff,
    0x60, 0x0, 0x0, 0x0, 0x0, 0xb, 0xff, 0xf1,
    0x0, 0x0, 0x0, 0x0, 0x0, 0xff, 0xfb, 0x0,
    0x0, 0x0, 0x0, 0x0, 0x5f, 0xff, 0x60, 0x0,
    0x0, 0x0, 0x0, 0xb, 0xff, 0xf1, 0x0, 0x0,
    0x0, 0x0, 0x0, 0xff, 0xfb, 0x0, 0x0, 0x0,
    0x0, 0x0, 0x5f, 0xff, 0x60, 0x0, 0x0, 0x0,
    0x0, 0xb, 0xff, 0xf1, 0x0, 0x0, 0x0, 0x0,
    0x0, 0xff, 0xfb, 0x0, 0x0, 0x0, 0x0, 0x0,
    0x5f, 0xff, 0x60, 0x0, 0x0, 0x0, 0x0, 0xb,
    0xff, 0xf1, 0x0, 0x0, 0x0, 0x0, 0x0, 0xff,
    0xfb, 0x0, 0x0, 0x0, 0x0, 0x0, 0x5f, 0xff,
    0x60, 0x0, 0x0, 0x0, 0x0, 0xb, 0xff, 0xf1,
    0x0, 0x0, 0x0, 0x0, 0x0, 0xff, 0xfb, 0x0,
    0x0, 0x0, 0x0, 0x0, 0x5f, 0xff, 0x60, 0x0,
    0x0, 0x0, 0x0, 0xb, 0xff, 0xf1, 0x0, 0x0,
    0x0, 0x0, 0x0, 0xff, 0xfb, 0x0, 0x0, 0x0,
    0x0, 0x0, 0x5f, 0xff, 0x60, 0x0, 0x0, 0x0,
    0x0, 0xb, 0xff, 0xf1, 0x0, 0x0, 0x0, 0x0,
    0x0, 0xff, 0xfb, 0x0, 0x0, 0x0, 0x0, 0x0,
    0x2b, 0xff, 0x60, 0x0, 0x0, 0x0, 0x0, 0x0,
    0x1, 0x61, 0x0, 0x0, 0x0, 0x0, 0x0,

    /* U+0030 "0" */
    0x0, 0x3a, 0xaa, 0xaa, 0xaa, 0xaa, 0x30, 0x0,
    0x3f, 0xff, 0xff, 0xff, 0xff, 0xfd, 0x0, 0x2e,
    0xff, 0xff, 0xff, 0xff, 0xff, 0xf9, 0xe, 0xff,
    0xff, 0xff, 0xff, 0xff, 0xff, 0xf3, 0xff, 0xff,
    0x10, 0x0, 0x0, 0x7f, 0xff, 0xdf, 0xff, 0xe0,
    0x0, 0x0, 0x0, 0xef, 0xff, 0xff, 0xfe, 0x0,
    0x0, 0x0, 0x6f, 0xff, 0xff, 0xff, 0xe0, 0x0,
    0x0, 0x4f, 0xff, 0xff, 0xff, 0xfe, 0x0, 0x0,
    0x3f, 0xff, 0xff, 0xff, 0xff, 0xe0, 0x0, 0x2e,
    0xff, 0xff, 0xff, 0xff, 0xfe, 0x0, 0x1d, 0xff,
    0xff, 0xff, 0xff, 0xff, 0xe0, 0xc, 0xff, 0xf4,
    0xef, 0xff, 0xff, 0xfe, 0xa, 0xff, 0xf6, 0xe,
    0xff, 0xff, 0xff, 0xe9, 0xff, 0xf7, 0x0, 0xef,
    0xff, 0xff, 0xff, 0xff, 0xf9, 0x0, 0xe, 0xff,
    0xff, 0xff, 0xff, 0xfb, 0x0, 0x0, 0xef, 0xff,
    0xff, 0xff, 0xfc, 0x0, 0x0, 0xe, 0xff, 0xff,
    0xff, 0xfd, 0x10, 0x0, 0x0, 0xef, 0xff, 0xff,
    0xff, 0x20, 0x0, 0x0, 0xe, 0xff, 0xff, 0xff,
    0xf3, 0x0, 0x0, 0x0, 0xef, 0xff, 0x6f, 0xff,
    0xda, 0xaa, 0xaa, 0xcf, 0xff, 0xf0, 0xcf, 0xff,
    0xff, 0xff, 0xff, 0xff, 0xf6, 0x2, 0xff, 0xff,
    0xff, 0xff, 0xff, 0xf7, 0x0, 0x6, 0xff, 0xff,
    0xff, 0xff, 0xf8, 0x0,

    /* U+0031 "1" */
    0x0, 0x0, 0x0, 0x68, 0x87, 0x0, 0x0, 0x0,
    0x0, 0x0, 0x9f, 0xff, 0xe0, 0x0, 0x0, 0x0,
    0x0, 0x9f, 0xff, 0xfe, 0x0, 0x0, 0x0, 0x0,
    0x9f, 0xff, 0xff, 0xe0, 0x0, 0x0, 0x0, 0x8f,
    0xff, 0xff, 0xfe, 0x0, 0x0, 0x0, 0x8f, 0xff,
    0xff, 0xff, 0xe0, 0x0, 0x0, 0x7f, 0xff, 0xfa,
    0xff, 0xfe, 0x0, 0x0, 0x3, 0xff, 0xfb, 0xf,
    0xff, 0xe0, 0x0, 0x0, 0x8, 0xfb, 0x0, 0xff,
    0xfe, 0x0, 0x0, 0x0, 0x9, 0x0, 0xf, 0xff,
    0xe0, 0x0, 0x0, 0x0, 0x0, 0x0, 0xff, 0xfe,
    0x0, 0x0, 0x0, 0x0, 0x0, 0xf, 0xff, 0xe0,
    0x0, 0x0, 0x0, 0x0, 0x0, 0xff, 0xfe, 0x0,
    0x0, 0x0, 0x0, 0x0, 0xf, 0xff, 0xe0, 0x0,
    0x0, 0x0, 0x0, 0x0, 0xff, 0xfe, 0x0, 0x0,
    0x0, 0x0, 0x0, 0xf, 0xff, 0xe0, 0x0, 0x0,
    0x0, 0x0, 0x0, 0xff, 0xfe, 0x0, 0x0, 0x0,
    0x0, 0x0, 0xf, 0xff, 0xe0, 0x0, 0x0, 0x0,
    0x0, 0x0, 0xff, 0xfe, 0x0, 0x0, 0x0, 0x0,
    0x0, 0xf, 0xff, 0xe0, 0x0, 0x0, 0xaa, 0xaa,
    0xaa, 0xff, 0xff, 0xaa, 0xaa, 0xaf, 0xff, 0xff,
    0xff, 0xff, 0xff, 0xff, 0xff, 0xff, 0xff, 0xff,
    0xff, 0xff, 0xff, 0xff, 0xff, 0xff, 0xff, 0xff,
    0xff, 0xff, 0xff, 0xff,

    /* U+0032 "2" */
    0x0, 0x4, 0xaa, 0xaa, 0xaa, 0xaa, 0xa5, 0x0,
    0x0, 0x3f, 0xff, 0xff, 0xff, 0xff, 0xff, 0x10,
    0x3, 0xff, 0xff, 0xff, 0xff, 0xff, 0xff, 0xb0,
    0xe, 0xff, 0xff, 0xff, 0xff, 0xff, 0xff, 0xf5,
    0x9, 0xff, 0xd1, 0x0, 0x0, 0xb, 0xff, 0xfe,
    0x0, 0xed, 0x10, 0x0, 0x0, 0x1, 0xff, 0xff,
    0x0, 0x41, 0x0, 0x0, 0x0, 0x0, 0xbf, 0xff,
    0x0, 0x0, 0x0, 0x0, 0x0, 0x7, 0xff, 0xff,
    0x0, 0x0, 0x0, 0x0, 0x0, 0x6f, 0xff, 0xf6,
    0x0, 0x0, 0x0, 0x0, 0x4, 0xff, 0xff, 0x70,
    0x0, 0x0, 0x0, 0x0, 0x3f, 0xff, 0xf9, 0x0,
    0x0, 0x0, 0x0, 0x2, 0xef, 0xff, 0xa0, 0x0,
    0x0, 0x0, 0x0, 0x2e, 0xff, 0xfc, 0x0, 0x0,
    0x0, 0x0, 0x1, 0xdf, 0xff, 0xd1, 0x0, 0x0,
    0x0, 0x0, 0xc, 0xff, 0xfe, 0x10, 0x0, 0x0,
    0x0, 0x0, 0xbf, 0xff, 0xe2, 0x0, 0x0, 0x0,
    0x0, 0xa, 0xff, 0xff, 0x30, 0x0, 0x0, 0x0,
    0x0, 0x9f, 0xff, 0xf4, 0x0, 0x0, 0x0, 0x0,
    0x8, 0xff, 0xff, 0x60, 0x0, 0x0, 0x0, 0x0,
    0xf, 0xff, 0xf7, 0x0, 0x0, 0x0, 0x0, 0x0,
    0xf, 0xff, 0xfa, 0xaa, 0xaa, 0xaa, 0xaa, 0xaa,
    0xf, 0xff, 0xff, 0xff, 0xff, 0xff, 0xff, 0xff,
    0xf, 0xff, 0xff, 0xff, 0xff, 0xff, 0xff, 0xff,
    0xf, 0xff, 0xff, 0xff, 0xff, 0xff, 0xff, 0xff,

    /* U+0033 "3" */
    0xaa, 0xaa, 0xaa, 0xaa, 0xaa, 0xaa, 0xaa, 0xa9,
    0xff, 0xff, 0xff, 0xff, 0xff, 0xff, 0xff, 0xfe,
    0xff, 0xff, 0xff, 0xff, 0xff, 0xff, 0xff, 0xfe,
    0xff, 0xff, 0xff, 0xff, 0xff, 0xff, 0xff, 0xfd,
    0x0, 0x0, 0x0, 0x0, 0x0, 0xaf, 0xff, 0xf6,
    0x0, 0x0, 0x0, 0x0, 0xa, 0xff, 0xff, 0x60,
    0x0, 0x0, 0x0, 0x0, 0x9f, 0xff, 0xf7, 0x0,
    0x0, 0x0, 0x0, 0x9, 0xff, 0xff, 0x80, 0x0,
    0x0, 0x0, 0x0, 0x8f, 0xff, 0xf8, 0x0, 0x0,
    0x0, 0x0, 0x8, 0xff, 0xff, 0xb2, 0x10, 0x0,
    0x0, 0x0, 0xf, 0xff, 0xff, 0xff, 0xe0, 0x0,
    0x0, 0x0, 0xf, 0xff, 0xff, 0xff, 0xf9, 0x0,
    0x0, 0x0, 0xe, 0xee, 0xee, 0xff, 0xff, 0x30,
    0x0, 0x0, 0x0, 0x0, 0x0, 0x8f, 0xff, 0xd0,
    0x0, 0x0, 0x0, 0x0, 0x0, 0xd, 0xff, 0xf8,
    0x0, 0x0, 0x0, 0x0, 0x0, 0x2, 0xff, 0xfd,
    0x0, 0x0, 0x0, 0x0, 0x0, 0x0, 0xff, 0xfe,
    0x0, 0x0, 0x0, 0x0, 0x0, 0x0, 0xff, 0xfe,
    0x0, 0x0, 0x0, 0x0, 0x0, 0x0, 0xff, 0xfe,
    0x0, 0x0, 0x0, 0x0, 0x0, 0x1, 0xff, 0xfe,
    0xaa, 0xaa, 0xaa, 0xaa, 0xaa, 0xae, 0xff, 0xfd,
    0xff, 0xff, 0xff, 0xff, 0xff, 0xff, 0xff, 0xf3,
    0xff, 0xff, 0xff, 0xff, 0xff, 0xff, 0xff, 0x40,
    0xff, 0xff, 0xff, 0xff, 0xff, 0xff, 0xf4, 0x0,

    /* U+0034 "4" */
    0x0, 0x0, 0x0, 0x0, 0x0, 0x38, 0x88, 0x87,
    0x0, 0x0, 0x0, 0x0, 0x0, 0x2, 0xef, 0xff,
    0xfe, 0x0, 0x0, 0x0, 0x0, 0x0, 0x2e, 0xff,
    0xff, 0xfe, 0x0, 0x0, 0x0, 0x0, 0x2, 0xef,
    0xff, 0xff, 0xfe, 0x0, 0x0, 0x0, 0x0, 0x1d,
    0xff, 0xfe, 0xff, 0xfe, 0x0, 0x0, 0x0, 0x1,
    0xdf, 0xff, 0xe2, 0xff, 0xfe, 0x0, 0x0, 0x0,
    0x1d, 0xff, 0xfe, 0x20, 0xff, 0xfe, 0x0, 0x0,
    0x0, 0xcf, 0xff, 0xf3, 0x0, 0xff, 0xfe, 0x0,
    0x0, 0xc, 0xff, 0xff, 0x30, 0x0, 0xff, 0xfe,
    0x0, 0x0, 0xbf, 0xff, 0xf4, 0x0, 0x0, 0xff,
    0xfe, 0x0, 0xb, 0xff, 0xff, 0x40, 0x0, 0x0,
    0xff, 0xfe, 0x0, 0x8f, 0xff, 0xf5, 0x0, 0x0,
    0x0, 0xff, 0xfe, 0x0, 0x2f, 0xff, 0xf3, 0x0,
    0x0, 0x0, 0xff, 0xfe, 0x0, 0x7, 0xff, 0xff,
    0xff, 0xff, 0xff, 0xff, 0xff, 0xff, 0x0, 0xcf,
    0xff, 0xff, 0xff, 0xff, 0xff, 0xff, 0xff, 0x0,
    0x2f, 0xff, 0xff, 0xff, 0xff, 0xff, 0xff, 0xff,
    0x0, 0x5, 0xaa, 0xaa, 0xaa, 0xaa, 0xff, 0xff,
    0xaa, 0x0, 0x0, 0x0, 0x0, 0x0, 0x0, 0xff,
    0xfe, 0x0, 0x0, 0x0, 0x0, 0x0, 0x0, 0x0,
    0xff, 0xfe, 0x0, 0x0, 0x0, 0x0, 0x0, 0x0,
    0x0, 0xff, 0xfe, 0x0, 0x0, 0x0, 0x0, 0x0,
    0x0, 0x0, 0xff, 0xfe, 0x0, 0x0, 0x0, 0x0,
    0x0, 0x0, 0x0, 0xff, 0xfe, 0x0, 0x0, 0x0,
    0x0, 0x0, 0x0, 0x0, 0xff, 0xfe, 0x0, 0x0,
    0x0, 0x0, 0x0, 0x0, 0x0, 0xff, 0xfe, 0x0,

    /* U+0035 "5" */
    0xaa, 0xaa, 0xaa, 0xaa, 0xaa, 0xaa, 0xaa, 0xa2,
    0xff, 0xff, 0xff, 0xff, 0xff, 0xff, 0xff, 0xf3,
    0xff, 0xff, 0xff, 0xff, 0xff, 0xff, 0xff, 0xf3,
    0xff, 0xff, 0xff, 0xff, 0xff, 0xff, 0xff, 0xf3,
    0xff, 0xfe, 0x0, 0x0, 0x0, 0x0, 0x0, 0x0,
    0xff, 0xfe, 0x0, 0x0, 0x0, 0x0, 0x0, 0x0,
    0xff, 0xfe, 0x0, 0x0, 0x0, 0x0, 0x0, 0x0,
    0xff, 0xff, 0xaa, 0xaa, 0xaa, 0xaa, 0x20, 0x0,
    0xcf, 0xff, 0xff, 0xff, 0xff, 0xff, 0xc0, 0x0,
    0x2f, 0xff, 0xff, 0xff, 0xff, 0xff, 0xf7, 0x0,
    0x7, 0xff, 0xff, 0xff, 0xff, 0xff, 0xff, 0x20,
    0x0, 0x0, 0x0, 0x0, 0x0, 0xaf, 0xff, 0xc0,
    0x0, 0x0, 0x0, 0x0, 0x0, 0xe, 0xff, 0xf7,
    0x0, 0x0, 0x0, 0x0, 0x0, 0x3, 0xff, 0xfd,
    0x0, 0x0, 0x0, 0x0, 0x0, 0x0, 0xff, 0xfe,
    0x0, 0x0, 0x0, 0x0, 0x0, 0x0, 0xff, 0xfe,
    0x0, 0x0, 0x0, 0x0, 0x0, 0x0, 0xff, 0xfe,
    0x0, 0x0, 0x0, 0x0, 0x0, 0x0, 0xff, 0xfe,
    0x0, 0x0, 0x0, 0x0, 0x0, 0x0, 0xff, 0xfe,
    0x0, 0x0, 0x0, 0x0, 0x0, 0x1, 0xff, 0xfe,
    0xaa, 0xaa, 0xaa, 0xaa, 0xaa, 0xae, 0xff, 0xfd,
    0xff, 0xff, 0xff, 0xff, 0xff, 0xff, 0xff, 0xf3,
    0xff, 0xff, 0xff, 0xff, 0xff, 0xff, 0xff, 0x40,
    0xff, 0xff, 0xff, 0xff, 0xff, 0xff, 0xf5, 0x0,

    /* U+0036 "6" */
    0x0, 0x3a, 0xaa, 0xaa, 0xaa, 0xaa, 0x40, 0x0,
    0x3f, 0xff, 0xff, 0xff, 0xff, 0xf6, 0x0, 0x2e,
    0xff, 0xff, 0xff, 0xff, 0xff, 0x60, 0xe, 0xff,
    0xff, 0xff, 0xff, 0xff, 0xf6, 0x0, 0xff, 0xff,
    0x10, 0x0, 0x0, 0x0, 0x0, 0xf, 0xff, 0xe0,
    0x0, 0x0, 0x0, 0x0, 0x0, 0xff, 0xfe, 0x0,
    0x0, 0x0, 0x0, 0x0, 0xf, 0xff, 0xe0, 0x0,
    0x0, 0x0, 0x0, 0x0, 0xff, 0xfe, 0x0, 0x0,
    0x0, 0x0, 0x0, 0xf, 0xff, 0xe0, 0x0, 0x0,
    0x0, 0x0, 0x0, 0xff, 0xfe, 0x5f, 0xff, 0xff,
    0xff, 0xfa, 0xf, 0xff, 0xff, 0xff, 0xff, 0xff,
    0xff, 0xf4, 0xff, 0xff, 0xff, 0xff, 0xff, 0xff,
    0xff, 0xef, 0xff, 0xff, 0xfc, 0xaa, 0xaa, 0xff,
    0xff, 0xff, 0xff, 0xfc, 0x0, 0x0, 0xe, 0xff,
    0xff, 0xff, 0xfd, 0x10, 0x0, 0x0, 0xef, 0xff,
    0xff, 0xff, 0x10, 0x0, 0x0, 0xe, 0xff, 0xff,
    0xff, 0xe0, 0x0, 0x0, 0x0, 0xef, 0xff, 0xff,
    0xfe, 0x0, 0x0, 0x0, 0xe, 0xff, 0xff, 0xff,
    0xf4, 0x0, 0x0, 0xa, 0xff, 0xff, 0x7f, 0xff,
    0xea, 0xaa, 0xac, 0xff, 0xff, 0x50, 0xdf, 0xff,
    0xff, 0xff, 0xff, 0xff, 0x50, 0x4, 0xff, 0xff,
    0xff, 0xff, 0xff, 0x60, 0x0, 0xb, 0xff, 0xff,
    0xff, 0xff, 0x70, 0x0,

    /* U+0037 "7" */
    0xaa, 0xaa, 0xaa, 0xaa, 0xaa, 0xaa, 0xaa, 0xaf,
    0xff, 0xff, 0xff, 0xff, 0xff, 0xff, 0xff, 0xff,
    0xff, 0xff, 0xff, 0xff, 0xff, 0xff, 0xff, 0xff,
    0xff, 0xff, 0xff, 0xff, 0xff, 0xff, 0x0, 0x0,
    0x0, 0x0, 0x0, 0x5f, 0xff, 0xf0, 0x0, 0x0,
    0x0, 0x0, 0x4f, 0xff, 0xfc, 0x0, 0x0, 0x0,
    0x0, 0x3f, 0xff, 0xfd, 0x10, 0x0, 0x0, 0x0,
    0x2e, 0xff, 0xfd, 0x10, 0x0, 0x0, 0x0, 0x2e,
    0xff, 0xfe, 0x20, 0x0, 0x0, 0x0, 0x1d, 0xff,
    0xfe, 0x20, 0x0, 0x0, 0x0, 0x1d, 0xff, 0xff,
    0x30, 0x0, 0x0, 0x0, 0xc, 0xff, 0xff, 0x30,
    0x0, 0x0, 0x0, 0xb, 0xff, 0xff, 0x40, 0x0,
    0x0, 0x0, 0xa, 0xff, 0xff, 0x50, 0x0, 0x0,
    0x0, 0x0, 0xef, 0xff, 0x60, 0x0, 0x0, 0x0,
    0x0, 0xe, 0xff, 0xf0, 0x0, 0x0, 0x0, 0x0,
    0x0, 0xef, 0xff, 0x0, 0x0, 0x0, 0x0, 0x0,
    0xe, 0xff, 0xf0, 0x0, 0x0, 0x0, 0x0, 0x0,
    0xef, 0xff, 0x0, 0x0, 0x0, 0x0, 0x0, 0xe,
    0xff, 0xf0, 0x0, 0x0, 0x0, 0x0, 0x0, 0xef,
    0xff, 0x0, 0x0, 0x0, 0x0, 0x0, 0xe, 0xff,
    0xf0, 0x0, 0x0, 0x0, 0x0, 0x0, 0xef, 0xff,
    0x0, 0x0, 0x0, 0x0, 0x0, 0xe, 0xff, 0xf0,
    0x0, 0x0, 0x0, 0x0,

    /* U+0038 "8" */
    0x0, 0x0, 0x2a, 0xaa, 0xaa, 0xaa, 0x60, 0x0,
    0x0, 0x1e, 0xff, 0xff, 0xff, 0xff, 0x30, 0x0,
    0x1d, 0xff, 0xff, 0xff, 0xff, 0xfd, 0x0, 0x1d,
    0xff, 0xff, 0xff, 0xff, 0xff, 0xf8, 0xc, 0xff,
    0xfe, 0x20, 0x0, 0x3f, 0xff, 0xfb, 0xff, 0xff,
    0x30, 0x0, 0x0, 0xef, 0xff, 0xff, 0xff, 0x40,
    0x0, 0x0, 0xe, 0xff, 0xff, 0xff, 0xe0, 0x0,
    0x0, 0x0, 0xef, 0xff, 0xff, 0xff, 0x30, 0x0,
    0x0, 0xbf, 0xff, 0xf7, 0xff, 0xfd, 0xaa, 0xaa,
    0xcf, 0xff, 0xf4, 0xc, 0xff, 0xff, 0xff, 0xff,
    0xff, 0xf5, 0x0, 0x2f, 0xff, 0xff, 0xff, 0xff,
    0xf8, 0x0, 0x0, 0x9f, 0xff, 0xff, 0xff, 0xff,
    0xd0, 0x0, 0x4f, 0xff, 0xf6, 0x0, 0xbf, 0xff,
    0x80, 0x4f, 0xff, 0xf9, 0x0, 0x2, 0xff, 0xff,
    0x3f, 0xff, 0xfb, 0x0, 0x0, 0x7, 0xff, 0xfc,
    0xff, 0xfe, 0x0, 0x0, 0x0, 0xe, 0xff, 0xff,
    0xff, 0xe0, 0x0, 0x0, 0x0, 0xef, 0xff, 0xff,
    0xfe, 0x0, 0x0, 0x0, 0x1e, 0xff, 0xff, 0xff,
    0xf3, 0x0, 0x0, 0xc, 0xff, 0xff, 0x6f, 0xff,
    0xea, 0xaa, 0xac, 0xff, 0xff, 0x40, 0xbf, 0xff,
    0xff, 0xff, 0xff, 0xff, 0x50, 0x2, 0xff, 0xff,
    0xff, 0xff, 0xff, 0x60, 0x0, 0x6, 0xff, 0xff,
    0xff, 0xff, 0x70, 0x0,

    /* U+0039 "9" */
    0x3, 0xaa, 0xaa, 0xaa, 0xaa, 0xa5, 0x0, 0x3,
    0xff, 0xff, 0xff, 0xff, 0xff, 0xe1, 0x0, 0xef,
    0xff, 0xff, 0xff, 0xff, 0xff, 0xa0, 0xf, 0xff,
    0xff, 0xff, 0xff, 0xff, 0xff, 0x50, 0xff, 0xfe,
    0x0, 0x0, 0x4, 0xff, 0xfe, 0x1f, 0xff, 0xe0,
    0x0, 0x0, 0xb, 0xff, 0xfa, 0xff, 0xfe, 0x0,
    0x0, 0x0, 0x1f, 0xff, 0xff, 0xff, 0xf1, 0x0,
    0x0, 0x0, 0xef, 0xff, 0xaf, 0xff, 0x90, 0x0,
    0x0, 0xe, 0xff, 0xf1, 0xef, 0xff, 0x30, 0x0,
    0x0, 0xef, 0xff, 0x5, 0xff, 0xff, 0xff, 0xff,
    0xff, 0xff, 0xf0, 0xb, 0xff, 0xff, 0xff, 0xff,
    0xff, 0xff, 0x0, 0x1f, 0xff, 0xff, 0xff, 0xff,
    0xff, 0xf0, 0x0, 0x5a, 0xaa, 0xaa, 0xaa, 0xff,
    0xff, 0x0, 0x0, 0x0, 0x0, 0x0, 0xe, 0xff,
    0xf0, 0x0, 0x0, 0x0, 0x0, 0x0, 0xef, 0xff,
    0x0, 0x0, 0x0, 0x0, 0x0, 0xe, 0xff, 0xf0,
    0x0, 0x0, 0x0, 0x0, 0x0, 0xef, 0xff, 0x0,
    0x0, 0x0, 0x0, 0x0, 0x9f, 0xff, 0xf0, 0x0,
    0x0, 0x0, 0x0, 0x5f, 0xff, 0xf6, 0x7, 0xaa,
    0xaa, 0xaa, 0xaf, 0xff, 0xf8, 0x0, 0xbf, 0xff,
    0xff, 0xff, 0xff, 0xfa, 0x0, 0xb, 0xff, 0xff,
    0xff, 0xff, 0xfc, 0x0, 0x0, 0xbf, 0xff, 0xff,
    0xff, 0xfd, 0x10, 0x0,

    /* U+003A ":" */
    0xff, 0xff, 0xff, 0xff, 0xff, 0xff, 0xff, 0xff,
    0xff, 0xff, 0xff, 0xff, 0xff, 0xff, 0xff, 0xff,
    0xff, 0xff, 0x0, 0x0, 0x0, 0x0, 0x0, 0x0,
    0x0, 0x0, 0x0, 0x0, 0x0, 0x0, 0x0, 0x0,
    0x0, 0x0, 0x0, 0x0, 0xff, 0xff, 0xff, 0xff,
    0xff, 0xff, 0xff, 0xff, 0xff, 0xff, 0xff, 0xff,
    0xff, 0xff, 0xff, 0xff, 0xff, 0xff,

    /* U+003B ";" */
    0xff, 0xff, 0xfe, 0xff, 0xff, 0xfe, 0xff, 0xff,
    0xfe, 0xff, 0xff, 0xfe, 0xff, 0xff, 0xfe, 0xff,
    0xff, 0xfe, 0x0, 0x0, 0x0, 0x0, 0x0, 0x0,
    0x0, 0x0, 0x0, 0x0, 0x0, 0x0, 0x0, 0x0,
    0x0, 0x0, 0x0, 0x0, 0x0, 0x0, 0x0, 0xff,
    0xff, 0xfe, 0xff, 0xff, 0xfe, 0xff, 0xff, 0xfe,
    0xff, 0xff, 0xfe, 0xff, 0xff, 0xfe, 0xff, 0xff,
    0xfe, 0x0, 0xff, 0xfe, 0x0, 0xff, 0xfe, 0x1,
    0xff, 0xfe, 0x1d, 0xff, 0xfd, 0x8f, 0xff, 0xf4,
    0xe, 0xff, 0x40, 0x4, 0xf4, 0x0, 0x0, 0x20,
    0x0,

    /* U+003C "<" */
    0x0, 0x0, 0x0, 0x0, 0x6, 0x30, 0x0, 0x0,
    0x0, 0x0, 0x7, 0xff, 0x30, 0x0, 0x0, 0x0,
    0x7, 0xff, 0xfe, 0x20, 0x0, 0x0, 0x7, 0xff,
    0xff, 0xb0, 0x0, 0x0, 0x8, 0xff, 0xff, 0xb0,
    0x0, 0x0, 0x8, 0xff, 0xff, 0xa0, 0x0, 0x0,
    0x8, 0xff, 0xff, 0xa0, 0x0, 0x0, 0x9, 0xff,
    0xff, 0xa0, 0x0, 0x0, 0x9, 0xff, 0xff, 0x90,
    0x0, 0x0, 0x9, 0xff, 0xff, 0x90, 0x0, 0x0,
    0x0, 0xff, 0xff, 0x90, 0x0, 0x0, 0x0, 0xf,
    0xff, 0xfc, 0x0, 0x0, 0x0, 0x0, 0x5f, 0xff,
    0xfc, 0x0, 0x0, 0x0, 0x0, 0x5f, 0xff, 0xfc,
    0x0, 0x0, 0x0, 0x0, 0x5f, 0xff, 0xfc, 0x0,
    0x0, 0x0, 0x0, 0x5f, 0xff, 0xfc, 0x10, 0x0,
    0x0, 0x0, 0x4f, 0xff, 0xfc, 0x10, 0x0, 0x0,
    0x0, 0x4f, 0xff, 0xfc, 0x10, 0x0, 0x0, 0x0,
    0x4f, 0xff, 0xfc, 0x10, 0x0, 0x0, 0x0, 0x4f,
    0xff, 0xd1, 0x0, 0x0, 0x0, 0x0, 0x4f, 0xe1,
    0x0, 0x0, 0x0, 0x0, 0x0, 0x32, 0x0,

    /* U+003D "=" */
    0xff, 0xff, 0xff, 0xff, 0xff, 0xff, 0xff, 0xff,
    0xff, 0xff, 0xff, 0xff, 0xff, 0xff, 0xff, 0xff,
    0xff, 0xff, 0xff, 0xff, 0xff, 0xaa, 0xaa, 0xaa,
    0xaa, 0xaa, 0xaa, 0xaa, 0x0, 0x0, 0x0, 0x0,
    0x0, 0x0, 0x0, 0x0, 0x0, 0x0, 0x0, 0x0,
    0x0, 0x0, 0x0, 0x0, 0x0, 0x0, 0x0, 0x0,
    0x0, 0xaa, 0xaa, 0xaa, 0xaa, 0xaa, 0xaa, 0xaa,
    0xff, 0xff, 0xff, 0xff, 0xff, 0xff, 0xff, 0xff,
    0xff, 0xff, 0xff, 0xff, 0xff, 0xff, 0xff, 0xff,
    0xff, 0xff, 0xff, 0xff, 0xff,

    /* U+003E ">" */
    0x0, 0x36, 0x0, 0x0, 0x0, 0x0, 0x0, 0x3f,
    0xf7, 0x0, 0x0, 0x0, 0x0, 0x2e, 0xff, 0xf7,
    0x0, 0x0, 0x0, 0x0, 0xbf, 0xff, 0xf7, 0x0,
    0x0, 0x0, 0x0, 0xbf, 0xff, 0xf8, 0x0, 0x0,
    0x0, 0x0, 0xaf, 0xff, 0xf8, 0x0, 0x0, 0x0,
    0x0, 0xaf, 0xff, 0xf8, 0x0, 0x0, 0x0, 0x0,
    0xaf, 0xff, 0xf8, 0x0, 0x0, 0x0, 0x0, 0xaf,
    0xff, 0xf9, 0x0, 0x0, 0x0, 0x0, 0x9f, 0xff,
    0xf9, 0x0, 0x0, 0x0, 0x0, 0x9f, 0xff, 0xf0,
    0x0, 0x0, 0x0, 0xc, 0xff, 0xff, 0x0, 0x0,
    0x0, 0xc, 0xff, 0xff, 0x50, 0x0, 0x0, 0xc,
    0xff, 0xff, 0x50, 0x0, 0x0, 0x1c, 0xff, 0xff,
    0x50, 0x0, 0x0, 0x1c, 0xff, 0xff, 0x50, 0x0,
    0x0, 0x1c, 0xff, 0xff, 0x40, 0x0, 0x0, 0x1c,
    0xff, 0xff, 0x40, 0x0, 0x0, 0x1c, 0xff, 0xff,
    0x40, 0x0, 0x0, 0x1, 0xdf, 0xff, 0x40, 0x0,
    0x0, 0x0, 0x1, 0xef, 0x40, 0x0, 0x0, 0x0,
    0x0, 0x2, 0x30, 0x0, 0x0, 0x0, 0x0,

    /* U+003F "?" */
    0x0, 0x1, 0xdf, 0xff, 0xff, 0xff, 0xff, 0xc0,
    0x0, 0x0, 0x1, 0xdf, 0xff, 0xff, 0xff, 0xff,
    0xff, 0x70, 0x0, 0x0, 0xcf, 0xff, 0xff, 0xff,
    0xff, 0xff, 0xff, 0x20, 0x0, 0xcf, 0xff, 0xfa,
    0xaa, 0xaa, 0xac, 0xff, 0xfc, 0x0, 0xaf, 0xff,
    0xf4, 0x0, 0x0, 0x0, 0xd, 0xff, 0xf6, 0x5,
    0xff, 0xf4, 0x0, 0x0, 0x0, 0x0, 0x4f, 0xff,
    0xf1, 0xb, 0xf5, 0x0, 0x0, 0x0, 0x0, 0x1,
    0xef, 0xff, 0xa0, 0x16, 0x0, 0x0, 0x0, 0x0,
    0x1, 0xcf, 0xff, 0xe3, 0x0, 0x0, 0x0, 0x0,
    0x0, 0x1, 0xdf, 0xff, 0xe2, 0x0, 0x0, 0x0,
    0x0, 0x0, 0x1, 0xdf, 0xff, 0xe2, 0x0, 0x0,
    0x0, 0x0, 0x0, 0x1, 0xdf, 0xff, 0xe2, 0x0,
    0x0, 0x0, 0x0, 0x0, 0x1, 0xdf, 0xff, 0xe2,
    0x0, 0x0, 0x0, 0x0, 0x0, 0x1, 0xdf, 0xff,
    0xe2, 0x0, 0x0, 0x0, 0x0, 0x0, 0x0, 0xcf,
    0xff, 0xe2, 0x0, 0x0, 0x0, 0x0, 0x0, 0x0,
    0xe, 0xff, 0xf2, 0x0, 0x0, 0x0, 0x0, 0x0,
    0x0, 0x0, 0xef, 0xff, 0x0, 0x0, 0x0, 0x0,
    0x0, 0x0, 0x0, 0xe, 0xff, 0xf0, 0x0, 0x0,
    0x0, 0x0, 0x0, 0x0, 0x0, 0x34, 0x44, 0x0,
    0x0, 0x0, 0x0, 0x0, 0x0, 0x0, 0x0, 0x0,
    0x0, 0x0, 0x0, 0x0, 0x0, 0x0, 0x0, 0x0,
    0x0, 0x0, 0x0, 0x0, 0x0, 0x0, 0x0, 0x0,
    0x0, 0xf, 0xff, 0xff, 0x0, 0x0, 0x0, 0x0,
    0x0, 0x0, 0x0, 0xff, 0xff, 0xf0, 0x0, 0x0,
    0x0, 0x0, 0x0, 0x0, 0xf, 0xff, 0xff, 0x0,
    0x0, 0x0, 0x0, 0x0, 0x0, 0x0, 0xff, 0xff,
    0xf0, 0x0, 0x0, 0x0,

    /* U+0040 "@" */
    0x0, 0x0, 0x6, 0xff, 0xff, 0xff, 0xff, 0x70,
    0x0, 0x0, 0x0, 0x8, 0xff, 0xff, 0xff, 0xff,
    0xff, 0x80, 0x0, 0x0, 0xa, 0xff, 0xff, 0xff,
    0xff, 0xff, 0xff, 0x90, 0x0, 0x1c, 0xff, 0xf7,
    0x0, 0x0, 0x1, 0xaf, 0xff, 0xa0, 0x2d, 0xff,
    0xd3, 0x0, 0x0, 0x0, 0x0, 0x5e, 0xff, 0xbe,
    0xff, 0x90, 0x0, 0x0, 0x0, 0x0, 0x0, 0x1f,
    0xff, 0xff, 0xf0, 0x0, 0x3, 0xff, 0xff, 0x80,
    0x0, 0xff, 0xff, 0xff, 0x0, 0x2, 0xef, 0xff,
    0xff, 0xb1, 0xf, 0xff, 0xff, 0xf0, 0x2, 0xef,
    0xff, 0xff, 0xff, 0xc0, 0xff, 0xff, 0xff, 0x0,
    0xef, 0xfc, 0x0, 0xff, 0xfe, 0xf, 0xff, 0xff,
    0xf0, 0xf, 0xff, 0x10, 0xf, 0xff, 0xe0, 0xff,
    0xff, 0xff, 0x0, 0xff, 0xf0, 0x0, 0xff, 0xfe,
    0xf, 0xff, 0xff, 0xf0, 0xf, 0xff, 0x0, 0xf,
    0xff, 0xe0, 0xff, 0xff, 0xff, 0x0, 0xff, 0xf0,
    0x0, 0xff, 0xfe, 0xf, 0xff, 0xff, 0xf0, 0xd,
    0xff, 0x80, 0xf, 0xff, 0xe0, 0xff, 0xff, 0xff,
    0x0, 0x3f, 0xff, 0xee, 0xff, 0xff, 0xef, 0xff,
    0xff, 0xf0, 0x0, 0x8f, 0xff, 0xff, 0xff, 0xff,
    0xff, 0xcf, 0xff, 0x0, 0x0, 0xcf, 0xff, 0xff,
    0xff, 0xff, 0x80, 0xcf, 0xf7, 0x0, 0x0, 0x0,
    0x0, 0x0, 0x0, 0x0, 0x1, 0xef, 0xf4, 0x0,
    0x0, 0x0, 0x0, 0x0, 0x0, 0x0, 0x4, 0xff,
    0xe2, 0x0, 0x0, 0x0, 0x0, 0x0, 0x0, 0x0,
    0x8, 0xff, 0xd0, 0x0, 0x0, 0x0, 0x0, 0x0,
    0x0, 0x0, 0xc, 0xff, 0xff, 0xff, 0xff, 0xff,
    0xe0, 0x0, 0x0, 0x0, 0x1e, 0xff, 0xff, 0xff,
    0xff, 0xfe, 0x0, 0x0, 0x0, 0x0, 0x4f, 0xff,
    0xff, 0xff, 0xff, 0xe0, 0x0, 0x0,

    /* U+0041 "A" */
    0x0, 0x0, 0x1d, 0xff, 0xff, 0xff, 0xff, 0x0,
    0x1, 0xcf, 0xff, 0xff, 0xff, 0xff, 0x0, 0xc,
    0xff, 0xff, 0xff, 0xff, 0xff, 0x0, 0xcf, 0xff,
    0xea, 0xaa, 0xff, 0xff, 0xb, 0xff, 0xff, 0x30,
    0x0, 0xef, 0xff, 0xbf, 0xff, 0xf3, 0x0, 0x0,
    0xef, 0xff, 0xff, 0xff, 0x40, 0x0, 0x0, 0xef,
    0xff, 0xff, 0xfe, 0x0, 0x0, 0x0, 0xef, 0xff,
    0xff, 0xfe, 0x0, 0x0, 0x0, 0xef, 0xff, 0xff,
    0xff, 0xaa, 0xaa, 0xaa, 0xff, 0xff, 0xff, 0xff,
    0xff, 0xff, 0xff, 0xff, 0xff, 0xff, 0xff, 0xff,
    0xff, 0xff, 0xff, 0xff, 0xff, 0xff, 0xff, 0xff,
    0xff, 0xff, 0xff, 0xff, 0xfe, 0x0, 0x0, 0x0,
    0xef, 0xff, 0xff, 0xfe, 0x0, 0x0, 0x0, 0xef,
    0xff, 0xff, 0xfe, 0x0, 0x0, 0x0, 0xef, 0xff,
    0xff, 0xfe, 0x0, 0x0, 0x0, 0xef, 0xff, 0xff,
    0xfe, 0x0, 0x0, 0x0, 0xef, 0xff, 0xff, 0xfe,
    0x0, 0x0, 0x0, 0xef, 0xff, 0xff, 0xfe, 0x0,
    0x0, 0x0, 0xef, 0xff, 0xff, 0xfe, 0x0, 0x0,
    0x0, 0xef, 0xff, 0xff, 0xfe, 0x0, 0x0, 0x0,
    0xef, 0xff, 0xff, 0xfe, 0x0, 0x0, 0x0, 0xef,
    0xff,

    /* U+0042 "B" */
    0xff, 0xff, 0xff, 0xff, 0xff, 0xff, 0xfb, 0x0,
    0xff, 0xff, 0xff, 0xff, 0xff, 0xff, 0xff, 0x50,
    0xff, 0xff, 0xff, 0xff, 0xff, 0xff, 0xff, 0xe0,
    0xff, 0xff, 0xaa, 0xaa, 0xaa, 0xaf, 0xff, 0xf0,
    0xff, 0xfe, 0x0, 0x0, 0x0, 0xe, 0xff, 0xf0,
    0xff, 0xfe, 0x0, 0x0, 0x0, 0x6f, 0xff, 0xf0,
    0xff, 0xfe, 0x0, 0x0, 0x5, 0xff, 0xff, 0xa0,
    0xff, 0xfe, 0x0, 0x0, 0x4f, 0xff, 0xfc, 0x0,
    0xff, 0xfe, 0x0, 0x4, 0xff, 0xff, 0xe1, 0x0,
    0xff, 0xff, 0xaa, 0xaf, 0xff, 0xff, 0xa0, 0x0,
    0xff, 0xff, 0xff, 0xff, 0xff, 0xff, 0xf4, 0x0,
    0xff, 0xff, 0xff, 0xff, 0xff, 0xff, 0xfe, 0x10,
    0xff, 0xff, 0xff, 0xff, 0xff, 0xff, 0xff, 0xa0,
    0xff, 0xfe, 0x0, 0x0, 0x0, 0x6f, 0xff, 0xf5,
    0xff, 0xfe, 0x0, 0x0, 0x0, 0x7, 0xff, 0xfd,
    0xff, 0xfe, 0x0, 0x0, 0x0, 0x0, 0xff, 0xfe,
    0xff, 0xfe, 0x0, 0x0, 0x0, 0x0, 0xff, 0xfe,
    0xff, 0xfe, 0x0, 0x0, 0x0, 0x0, 0xff, 0xfe,
    0xff, 0xfe, 0x0, 0x0, 0x0, 0x0, 0xff, 0xfe,
    0xff, 0xff, 0xaa, 0xaa, 0xaa, 0xaa, 0xff, 0xfe,
    0xff, 0xff, 0xff, 0xff, 0xff, 0xff, 0xff, 0xfe,
    0xff, 0xff, 0xff, 0xff, 0xff, 0xff, 0xff, 0xe5,
    0xff, 0xff, 0xff, 0xff, 0xff, 0xff, 0xf8, 0x0,

    /* U+0043 "C" */
    0x0, 0x8f, 0xff, 0xff, 0xff, 0xff, 0xd0, 0x0,
    0x8, 0xff, 0xff, 0xff, 0xff, 0xff, 0xf9, 0x0,
    0x7f, 0xff, 0xff, 0xff, 0xff, 0xff, 0xff, 0x30,
    0xff, 0xff, 0xca, 0xaa, 0xaa, 0xbf, 0xff, 0xd0,
    0xff, 0xfe, 0x0, 0x0, 0x0, 0xc, 0xff, 0xa0,
    0xff, 0xfe, 0x0, 0x0, 0x0, 0x2, 0xfb, 0x0,
    0xff, 0xfe, 0x0, 0x0, 0x0, 0x0, 0x50, 0x0,
    0xff, 0xfe, 0x0, 0x0, 0x0, 0x0, 0x0, 0x0,
    0xff, 0xfe, 0x0, 0x0, 0x0, 0x0, 0x0, 0x0,
    0xff, 0xfe, 0x0, 0x0, 0x0, 0x0, 0x0, 0x0,
    0xff, 0xfe, 0x0, 0x0, 0x0, 0x0, 0x0, 0x0,
    0xff, 0xfe, 0x0, 0x0, 0x0, 0x0, 0x0, 0x0,
    0xff, 0xfe, 0x0, 0x0, 0x0, 0x0, 0x0, 0x0,
    0xff, 0xfe, 0x0, 0x0, 0x0, 0x0, 0x0, 0x0,
    0xff, 0xfe, 0x0, 0x0, 0x0, 0x0, 0x0, 0x0,
    0xff, 0xfe, 0x0, 0x0, 0x0, 0x0, 0x0, 0x0,
    0xff, 0xfe, 0x0, 0x0, 0x0, 0x0, 0x0, 0x0,
    0xff, 0xfe, 0x0, 0x0, 0x0, 0x0, 0x48, 0x0,
    0xff, 0xff, 0x40, 0x0, 0x0, 0x4, 0xff, 0x30,
    0x6f, 0xff, 0xea, 0xaa, 0xaa, 0xaf, 0xff, 0xd0,
    0xc, 0xff, 0xff, 0xff, 0xff, 0xff, 0xff, 0xc0,
    0x2, 0xff, 0xff, 0xff, 0xff, 0xff, 0xfd, 0x10,
    0x0, 0x7f, 0xff, 0xff, 0xff, 0xff, 0xd1, 0x0,

    /* U+0044 "D" */
    0xff, 0xff, 0xff, 0xff, 0xff, 0xf8, 0x0, 0x0,
    0xff, 0xff, 0xff, 0xff, 0xff, 0xff, 0x30, 0x0,
    0xff, 0xff, 0xff, 0xff, 0xff, 0xff, 0xd0, 0x0,
    0xff, 0xff, 0xaa, 0xaa, 0xae, 0xff, 0xf8, 0x0,
    0xff, 0xfe, 0x0, 0x0, 0x4, 0xff, 0xff, 0x30,
    0xff, 0xfe, 0x0, 0x0, 0x0, 0x9f, 0xff, 0xd0,
    0xff, 0xfe, 0x0, 0x0, 0x0, 0xd, 0xff, 0xf8,
    0xff, 0xfe, 0x0, 0x0, 0x0, 0x3, 0xff, 0xfd,
    0xff, 0xfe, 0x0, 0x0, 0x0, 0x0, 0xff, 0xfe,
    0xff, 0xfe, 0x0, 0x0, 0x0, 0x0, 0xff, 0xfe,
    0xff, 0xfe, 0x0, 0x0, 0x0, 0x0, 0xff, 0xfe,
    0xff, 0xfe, 0x0, 0x0, 0x0, 0x0, 0xff, 0xfe,
    0xff, 0xfe, 0x0, 0x0, 0x0, 0x0, 0xff, 0xfe,
    0xff, 0xfe, 0x0, 0x0, 0x0, 0x0, 0xff, 0xfe,
    0xff, 0xfe, 0x0, 0x0, 0x0, 0x0, 0xff, 0xfe,
    0xff, 0xfe, 0x0, 0x0, 0x0, 0x0, 0xff, 0xfe,
    0xff, 0xfe, 0x0, 0x0, 0x0, 0x0, 0xff, 0xfe,
    0xff, 0xfe, 0x0, 0x0, 0x0, 0x0, 0xff, 0xfe,
    0xff, 0xfe, 0x0, 0x0, 0x0, 0x0, 0xff, 0xfe,
    0xff, 0xff, 0xaa, 0xaa, 0xaa, 0xad, 0xff, 0xfd,
    0xff, 0xff, 0xff, 0xff, 0xff, 0xff, 0xff, 0xf5,
    0xff, 0xff, 0xff, 0xff, 0xff, 0xff, 0xff, 0x60,
    0xff, 0xff, 0xff, 0xff, 0xff, 0xff, 0xf6, 0x0,

    /* U+0045 "E" */
    0x0, 0x8f, 0xff, 0xff, 0xff, 0xff, 0xff, 0xf8,
    0x7, 0xff, 0xff, 0xff, 0xff, 0xff, 0xff, 0xf8,
    0x7f, 0xff, 0xff, 0xff, 0xff, 0xff, 0xff, 0xf8,
    0xff, 0xff, 0xca, 0xaa, 0xaa, 0xaa, 0xaa, 0xa5,
    0xff, 0xfe, 0x0, 0x0, 0x0, 0x0, 0x0, 0x0,
    0xff, 0xfe, 0x0, 0x0, 0x0, 0x0, 0x0, 0x0,
    0xff, 0xfe, 0x0, 0x0, 0x0, 0x0, 0x0, 0x0,
    0xff, 0xfe, 0x0, 0x0, 0x0, 0x0, 0x0, 0x0,
    0xff, 0xfe, 0x0, 0x0, 0x0, 0x0, 0x0, 0x0,
    0xff, 0xff, 0xaa, 0xaa, 0xaa, 0xa5, 0x0, 0x0,
    0xff, 0xff, 0xff, 0xff, 0xff, 0xf8, 0x0, 0x0,
    0xff, 0xff, 0xff, 0xff, 0xff, 0xf8, 0x0, 0x0,
    0xff, 0xff, 0xff, 0xff, 0xff, 0xf8, 0x0, 0x0,
    0xff, 0xfe, 0x0, 0x0, 0x0, 0x0, 0x0, 0x0,
    0xff, 0xfe, 0x0, 0x0, 0x0, 0x0, 0x0, 0x0,
    0xff, 0xfe, 0x0, 0x0, 0x0, 0x0, 0x0, 0x0,
    0xff, 0xfe, 0x0, 0x0, 0x0, 0x0, 0x0, 0x0,
    0xff, 0xfe, 0x0, 0x0, 0x0, 0x0, 0x0, 0x0,
    0xff, 0xff, 0x40, 0x0, 0x0, 0x0, 0x0, 0x0,
    0x6f, 0xff, 0xea, 0xaa, 0xaa, 0xaa, 0xaa, 0xa5,
    0xc, 0xff, 0xff, 0xff, 0xff, 0xff, 0xff, 0xf8,
    0x2, 0xff, 0xff, 0xff, 0xff, 0xff, 0xff, 0xf8,
    0x0, 0x7f, 0xff, 0xff, 0xff, 0xff, 0xff, 0xf8,

    /* U+0046 "F" */
    0x0, 0x1d, 0xff, 0xff, 0xff, 0xff, 0xff, 0x1,
    0xdf, 0xff, 0xff, 0xff, 0xff, 0xff, 0x1d, 0xff,
    0xff, 0xff, 0xff, 0xff, 0xff, 0xcf, 0xff, 0xfa,
    0xaa, 0xaa, 0xaa, 0xaa, 0xff, 0xff, 0x30, 0x0,
    0x0, 0x0, 0x0, 0xff, 0xfe, 0x0, 0x0, 0x0,
    0x0, 0x0, 0xff, 0xfe, 0x0, 0x0, 0x0, 0x0,
    0x0, 0xff, 0xfe, 0x0, 0x0, 0x0, 0x0, 0x0,
    0xff, 0xfe, 0x0, 0x0, 0x0, 0x0, 0x0, 0xff,
    0xff, 0xaa, 0xaa, 0xaa, 0x50, 0x0, 0xff, 0xff,
    0xff, 0xff, 0xff, 0x80, 0x0, 0xff, 0xff, 0xff,
    0xff, 0xff, 0x80, 0x0, 0xff, 0xff, 0xff, 0xff,
    0xff, 0x80, 0x0, 0xff, 0xfe, 0x0, 0x0, 0x0,
    0x0, 0x0, 0xff, 0xfe, 0x0, 0x0, 0x0, 0x0,
    0x0, 0xff, 0xfe, 0x0, 0x0, 0x0, 0x0, 0x0,
    0xff, 0xfe, 0x0, 0x0, 0x0, 0x0, 0x0, 0xff,
    0xfe, 0x0, 0x0, 0x0, 0x0, 0x0, 0xff, 0xfe,
    0x0, 0x0, 0x0, 0x0, 0x0, 0xff, 0xfe, 0x0,
    0x0, 0x0, 0x0, 0x0, 0xff, 0xfe, 0x0, 0x0,
    0x0, 0x0, 0x0, 0xff, 0xfe, 0x0, 0x0, 0x0,
    0x0, 0x0, 0xff, 0xfe, 0x0, 0x0, 0x0, 0x0,
    0x0,

    /* U+0047 "G" */
    0x0, 0x8f, 0xff, 0xff, 0xff, 0xff, 0x50, 0x0,
    0x7f, 0xff, 0xff, 0xff, 0xff, 0xfe, 0x10, 0x6f,
    0xff, 0xff, 0xff, 0xff, 0xff, 0xfa, 0xf, 0xff,
    0xfc, 0xaa, 0xaa, 0xae, 0xff, 0xf5, 0xff, 0xfe,
    0x0, 0x0, 0x0, 0x4f, 0xff, 0x3f, 0xff, 0xe0,
    0x0, 0x0, 0x0, 0xaf, 0x40, 0xff, 0xfe, 0x0,
    0x0, 0x0, 0x1, 0x50, 0xf, 0xff, 0xe0, 0x0,
    0x0, 0x0, 0x0, 0x0, 0xff, 0xfe, 0x0, 0x0,
    0x0, 0x0, 0x0, 0xf, 0xff, 0xe0, 0x2, 0xff,
    0xff, 0xff, 0xb0, 0xff, 0xfe, 0x0, 0x2f, 0xff,
    0xff, 0xff, 0x5f, 0xff, 0xe0, 0x2, 0xff, 0xff,
    0xff, 0xfe, 0xff, 0xfe, 0x0, 0x1a, 0xaa, 0xaf,
    0xff, 0xff, 0xff, 0xe0, 0x0, 0x0, 0x0, 0xef,
    0xff, 0xff, 0xfe, 0x0, 0x0, 0x0, 0xe, 0xff,
    0xff, 0xff, 0xe0, 0x0, 0x0, 0x0, 0xef, 0xff,
    0xff, 0xfe, 0x0, 0x0, 0x0, 0xe, 0xff, 0xff,
    0xff, 0xe0, 0x0, 0x0, 0x0, 0xef, 0xff, 0xff,
    0xff, 0x20, 0x0, 0x0, 0xe, 0xff, 0xf8, 0xff,
    0xfd, 0xaa, 0xaa, 0xaa, 0xff, 0xff, 0xd, 0xff,
    0xff, 0xff, 0xff, 0xff, 0xff, 0xf0, 0x3f, 0xff,
    0xff, 0xff, 0xff, 0xff, 0xff, 0x0, 0x9f, 0xff,
    0xff, 0xff, 0xff, 0xff, 0xf0,

    /* U+0048 "H" */
    0xff, 0xfe, 0x0, 0x0, 0x0, 0x0, 0xff, 0xfe,
    0xff, 0xfe, 0x0, 0x0, 0x0, 0x0, 0xff, 0xfe,
    0xff, 0xfe, 0x0, 0x0, 0x0, 0x0, 0xff, 0xfe,
    0xff, 0xfe, 0x0, 0x0, 0x0, 0x0, 0xff, 0xfe,
    0xff, 0xfe, 0x0, 0x0, 0x0, 0x0, 0xff, 0xfe,
    0xff, 0xfe, 0x0, 0x0, 0x0, 0x0, 0xff, 0xfe,
    0xff, 0xfe, 0x0, 0x0, 0x0, 0x0, 0xff, 0xfe,
    0xff, 0xfe, 0x0, 0x0, 0x0, 0x0, 0xff, 0xfe,
    0xff, 0xfe, 0x0, 0x0, 0x0, 0x0, 0xff, 0xfe,
    0xff, 0xfe, 0x4d, 0xff, 0xff, 0xc3, 0xff, 0xfe,
    0xff, 0xff, 0xff, 0xff, 0xff, 0xff, 0xff, 0xfe,
    0xff, 0xff, 0xff, 0xff, 0xff, 0xff, 0xff, 0xfe,
    0xff, 0xff, 0xca, 0xaa, 0xaa, 0xaf, 0xff, 0xfe,
    0xff, 0xfe, 0x0, 0x0, 0x0, 0x5, 0xff, 0xfe,
    0xff, 0xfe, 0x0, 0x0, 0x0, 0x0, 0xff, 0xfe,
    0xff, 0xfe, 0x0, 0x0, 0x0, 0x0, 0xff, 0xfe,
    0xff, 0xfe, 0x0, 0x0, 0x0, 0x0, 0xff, 0xfe,
    0xff, 0xfe, 0x0, 0x0, 0x0, 0x0, 0xff, 0xfe,
    0xff, 0xfe, 0x0, 0x0, 0x0, 0x0, 0xff, 0xfe,
    0xff, 0xfe, 0x0, 0x0, 0x0, 0x0, 0xff, 0xfe,
    0xff, 0xfe, 0x0, 0x0, 0x0, 0x0, 0xff, 0xfe,
    0xff, 0xfe, 0x0, 0x0, 0x0, 0x0, 0xff, 0xfe,
    0xff, 0xfe, 0x0, 0x0, 0x0, 0x0, 0xff, 0xfe,

    /* U+0049 "I" */
    0xff, 0xff, 0xff, 0xff, 0xff, 0xff, 0xff, 0xff,
    0xff, 0xff, 0xff, 0xff, 0xff, 0xff, 0xff, 0xff,
    0xff, 0xff, 0xff, 0xff, 0xff, 0xff, 0xfa, 0xaa,
    0xaa, 0xaf, 0xff, 0xfa, 0xaa, 0xaa, 0x0, 0x0,
    0x0, 0xff, 0xfe, 0x0, 0x0, 0x0, 0x0, 0x0,
    0xf, 0xff, 0xe0, 0x0, 0x0, 0x0, 0x0, 0x0,
    0xff, 0xfe, 0x0, 0x0, 0x0, 0x0, 0x0, 0xf,
    0xff, 0xe0, 0x0, 0x0, 0x0, 0x0, 0x0, 0xff,
    0xfe, 0x0, 0x0, 0x0, 0x0, 0x0, 0xf, 0xff,
    0xe0, 0x0, 0x0, 0x0, 0x0, 0x0, 0xff, 0xfe,
    0x0, 0x0, 0x0, 0x0, 0x0, 0xf, 0xff, 0xe0,
    0x0, 0x0, 0x0, 0x0, 0x0, 0xff, 0xfe, 0x0,
    0x0, 0x0, 0x0, 0x0, 0xf, 0xff, 0xe0, 0x0,
    0x0, 0x0, 0x0, 0x0, 0xff, 0xfe, 0x0, 0x0,
    0x0, 0x0, 0x0, 0xf, 0xff, 0xe0, 0x0, 0x0,
    0x0, 0x0, 0x0, 0xff, 0xfe, 0x0, 0x0, 0x0,
    0x0, 0x0, 0xf, 0xff, 0xe0, 0x0, 0x0, 0x0,
    0x0, 0x0, 0xff, 0xfe, 0x0, 0x0, 0xa, 0xaa,
    0xaa, 0xaf, 0xff, 0xfa, 0xaa, 0xaa, 0xff, 0xff,
    0xff, 0xff, 0xff, 0xff, 0xff, 0xff, 0xff, 0xff,
    0xff, 0xff, 0xff, 0xff, 0xff, 0xff, 0xff, 0xff,
    0xff, 0xff, 0xff, 0xff, 0xf0,

    /* U+004A "J" */
    0x8f, 0xff, 0xff, 0xff, 0xff, 0xff, 0xfe, 0x8f,
    0xff, 0xff, 0xff, 0xff, 0xff, 0xfe, 0x8f, 0xff,
    0xff, 0xff, 0xff, 0xff, 0xfe, 0x5a, 0xaa, 0xaa,
    0xaa, 0xaa, 0xff, 0xfe, 0x0, 0x0, 0x0, 0x0,
    0x0, 0xff, 0xfe, 0x0, 0x0, 0x0, 0x0, 0x0,
    0xff, 0xfe, 0x0, 0x0, 0x0, 0x0, 0x0, 0xff,
    0xfe, 0x0, 0x0, 0x0, 0x0, 0x0, 0xff, 0xfe,
    0x0, 0x0, 0x0, 0x0, 0x0, 0xff, 0xfe, 0x0,
    0x0, 0x0, 0x0, 0x0, 0xff, 0xfe, 0x0, 0x0,
    0x0, 0x0, 0x0, 0xff, 0xfe, 0x0, 0x0, 0x0,
    0x0, 0x0, 0xff, 0xfe, 0x0, 0x0, 0x0, 0x0,
    0x0, 0xff, 0xfe, 0x0, 0x0, 0x0, 0x0, 0x0,
    0xff, 0xfe, 0x0, 0x0, 0x0, 0x0, 0x0, 0xff,
    0xfe, 0x0, 0x0, 0x0, 0x0, 0x0, 0xff, 0xfe,
    0x0, 0x0, 0x0, 0x0, 0x0, 0xff, 0xfe, 0x0,
    0x0, 0x0, 0x0, 0x0, 0xff, 0xfe, 0x0, 0x0,
    0x0, 0x0, 0x8, 0xff, 0xfe, 0x0, 0x0, 0x0,
    0x0, 0x6f, 0xff, 0xf8, 0x0, 0x0, 0x0, 0x5,
    0xff, 0xff, 0x90, 0x0, 0xa, 0xaa, 0xaf, 0xff,
    0xfa, 0x0, 0x0, 0xf, 0xff, 0xff, 0xff, 0xa0,
    0x0, 0x0, 0xf, 0xff, 0xff, 0xfb, 0x0, 0x0,
    0x0, 0xf, 0xff, 0xff, 0xc0, 0x0, 0x0,

    /* U+004B "K" */
    0xff, 0xfe, 0x0, 0x0, 0x0, 0x8, 0xff, 0xff,
    0x90, 0xff, 0xfe, 0x0, 0x0, 0x0, 0x8f, 0xff,
    0xfa, 0x0, 0xff, 0xfe, 0x0, 0x0, 0x7, 0xff,
    0xff, 0xb0, 0x0, 0xff, 0xfe, 0x0, 0x0, 0x6f,
    0xff, 0xfc, 0x0, 0x0, 0xff, 0xfe, 0x0, 0x6,
    0xff, 0xff, 0xc0, 0x0, 0x0, 0xff, 0xfe, 0x0,
    0x5f, 0xff, 0xfd, 0x10, 0x0, 0x0, 0xff, 0xfe,
    0x5, 0xff, 0xff, 0xd1, 0x0, 0x0, 0x0, 0xff,
    0xfe, 0x4f, 0xff, 0xfe, 0x20, 0x0, 0x0, 0x0,
    0xff, 0xff, 0xff, 0xff, 0xe2, 0x0, 0x0, 0x0,
    0x0, 0xff, 0xff, 0xff, 0xff, 0x90, 0x0, 0x0,
    0x0, 0x0, 0xff, 0xff, 0xff, 0xff, 0xf2, 0x0,
    0x0, 0x0, 0x0, 0xff, 0xff, 0xff, 0xff, 0xfc,
    0x0, 0x0, 0x0, 0x0, 0xff, 0xff, 0xe4, 0xef,
    0xff, 0x70, 0x0, 0x0, 0x0, 0xff, 0xff, 0x20,
    0x5f, 0xff, 0xf2, 0x0, 0x0, 0x0, 0xff, 0xfe,
    0x0, 0xa, 0xff, 0xfb, 0x0, 0x0, 0x0, 0xff,
    0xfe, 0x0, 0x1, 0xef, 0xff, 0x60, 0x0, 0x0,
    0xff, 0xfe, 0x0, 0x0, 0x5f, 0xff, 0xf1, 0x0,
    0x0, 0xff, 0xfe, 0x0, 0x0, 0xa, 0xff, 0xfb,
    0x0, 0x0, 0xff, 0xfe, 0x0, 0x0, 0x1, 0xef,
    0xff, 0x50, 0x0, 0xff, 0xfe, 0x0, 0x0, 0x0,
    0x5f, 0xff, 0xe1, 0x0, 0xff, 0xfe, 0x0, 0x0,
    0x0, 0xa, 0xff, 0xfa, 0x0, 0xff, 0xfe, 0x0,
    0x0, 0x0, 0x1, 0xef, 0xff, 0x40, 0xff, 0xfe,
    0x0, 0x0, 0x0, 0x0, 0x5f, 0xff, 0xe0,

    /* U+004C "L" */
    0xff, 0xfe, 0x0, 0x0, 0x0, 0x0, 0x0, 0x0,
    0xff, 0xfe, 0x0, 0x0, 0x0, 0x0, 0x0, 0x0,
    0xff, 0xfe, 0x0, 0x0, 0x0, 0x0, 0x0, 0x0,
    0xff, 0xfe, 0x0, 0x0, 0x0, 0x0, 0x0, 0x0,
    0xff, 0xfe, 0x0, 0x0, 0x0, 0x0, 0x0, 0x0,
    0xff, 0xfe, 0x0, 0x0, 0x0, 0x0, 0x0, 0x0,
    0xff, 0xfe, 0x0, 0x0, 0x0, 0x0, 0x0, 0x0,
    0xff, 0xfe, 0x0, 0x0, 0x0, 0x0, 0x0, 0x0,
    0xff, 0xfe, 0x0, 0x0, 0x0, 0x0, 0x0, 0x0,
    0xff, 0xfe, 0x0, 0x0, 0x0, 0x0, 0x0, 0x0,
    0xff, 0xfe, 0x0, 0x0, 0x0, 0x0, 0x0, 0x0,
    0xff, 0xfe, 0x0, 0x0, 0x0, 0x0, 0x0, 0x0,
    0xff, 0xfe, 0x0, 0x0, 0x0, 0x0, 0x0, 0x0,
    0xff, 0xfe, 0x0, 0x0, 0x0, 0x0, 0x0, 0x0,
    0xff, 0xfe, 0x0, 0x0, 0x0, 0x0, 0x0, 0x0,
    0xff, 0xfe, 0x0, 0x0, 0x0, 0x0, 0x0, 0x0,
    0xff, 0xfe, 0x0, 0x0, 0x0, 0x0, 0x0, 0x0,
    0xff, 0xfe, 0x0, 0x0, 0x0, 0x0, 0xff, 0xfe,
    0xef, 0xff, 0x50, 0x0, 0x0, 0x0, 0xff, 0xfe,
    0x5f, 0xff, 0xea, 0xaa, 0xaa, 0xaa, 0xff, 0xfe,
    0xb, 0xff, 0xff, 0xff, 0xff, 0xff, 0xff, 0xfe,
    0x1, 0xff, 0xff, 0xff, 0xff, 0xff, 0xff, 0xfe,
    0x0, 0x6f, 0xff, 0xff, 0xff, 0xff, 0xff, 0xfe,

    /* U+004D "M" */
    0xff, 0xff, 0x0, 0x0, 0x0, 0x7, 0xff, 0xfe,
    0xff, 0xff, 0x90, 0x0, 0x0, 0x5f, 0xff, 0xfe,
    0xff, 0xff, 0xf3, 0x0, 0x3, 0xff, 0xff, 0xfe,
    0xff, 0xff, 0xfd, 0x0, 0x2e, 0xff, 0xff, 0xfe,
    0xff, 0xff, 0xff, 0x71, 0xdf, 0xff, 0xff, 0xfe,
    0xff, 0xff, 0xff, 0xfd, 0xff, 0xfc, 0xff, 0xfe,
    0xff, 0xfe, 0xef, 0xff, 0xff, 0xc1, 0xff, 0xfe,
    0xff, 0xfe, 0x5f, 0xff, 0xfd, 0x10, 0xff, 0xfe,
    0xff, 0xfe, 0xc, 0xff, 0xf1, 0x0, 0xff, 0xfe,
    0xff, 0xfe, 0x2, 0xff, 0xf0, 0x0, 0xff, 0xfe,
    0xff, 0xfe, 0x0, 0x68, 0x80, 0x0, 0xff, 0xfe,
    0xff, 0xfe, 0x0, 0x0, 0x0, 0x0, 0xff, 0xfe,
    0xff, 0xfe, 0x0, 0x0, 0x0, 0x0, 0xff, 0xfe,
    0xff, 0xfe, 0x0, 0x0, 0x0, 0x0, 0xff, 0xfe,
    0xff, 0xfe, 0x0, 0x0, 0x0, 0x0, 0xff, 0xfe,
    0xff, 0xfe, 0x0, 0x0, 0x0, 0x0, 0xff, 0xfe,
    0xff, 0xfe, 0x0, 0x0, 0x0, 0x0, 0xff, 0xfe,
    0xff, 0xfe, 0x0, 0x0, 0x0, 0x0, 0xff, 0xfe,
    0xff, 0xfe, 0x0, 0x0, 0x0, 0x0, 0xff, 0xfe,
    0xff, 0xfe, 0x0, 0x0, 0x0, 0x0, 0xff, 0xfe,
    0xff, 0xfe, 0x0, 0x0, 0x0, 0x0, 0xff, 0xfe,
    0xff, 0xfe, 0x0, 0x0, 0x0, 0x0, 0xff, 0xfe,
    0xff, 0xfe, 0x0, 0x0, 0x0, 0x0, 0xff, 0xfe,

    /* U+004E "N" */
    0xff, 0xff, 0xff, 0x60, 0x0, 0x0, 0xff, 0xfe,
    0xff, 0xff, 0xff, 0xf1, 0x0, 0x0, 0xff, 0xfe,
    0xff, 0xff, 0xff, 0xfb, 0x0, 0x0, 0xff, 0xfe,
    0xff, 0xff, 0xff, 0xff, 0x50, 0x0, 0xff, 0xfe,
    0xff, 0xfe, 0xef, 0xff, 0xe1, 0x0, 0xff, 0xfe,
    0xff, 0xfe, 0x5f, 0xff, 0xfb, 0x0, 0xff, 0xfe,
    0xff, 0xfe, 0x9, 0xff, 0xff, 0x50, 0xff, 0xfe,
    0xff, 0xfe, 0x0, 0xdf, 0xff, 0xe1, 0xff, 0xfe,
    0xff, 0xfe, 0x0, 0x3f, 0xff, 0xfa, 0xff, 0xfe,
    0xff, 0xfe, 0x0, 0x7, 0xff, 0xff, 0xff, 0xfe,
    0xff, 0xfe, 0x0, 0x0, 0xbf, 0xff, 0xff, 0xfe,
    0xff, 0xfe, 0x0, 0x0, 0x1e, 0xff, 0xff, 0xfe,
    0xff, 0xfe, 0x0, 0x0, 0x5, 0xff, 0xff, 0xfe,
    0xff, 0xfe, 0x0, 0x0, 0x0, 0x9f, 0xff, 0xfe,
    0xff, 0xfe, 0x0, 0x0, 0x0, 0xd, 0xff, 0xfe,
    0xff, 0xfe, 0x0, 0x0, 0x0, 0x3, 0xff, 0xfe,
    0xff, 0xfe, 0x0, 0x0, 0x0, 0x0, 0xff, 0xfe,
    0xff, 0xfe, 0x0, 0x0, 0x0, 0x0, 0xff, 0xfe,
    0xff, 0xfe, 0x0, 0x0, 0x0, 0x0, 0xff, 0xfe,
    0xff, 0xfe, 0x0, 0x0, 0x0, 0x0, 0xff, 0xfe,
    0xff, 0xfe, 0x0, 0x0, 0x0, 0x0, 0xff, 0xfe,
    0xff, 0xfe, 0x0, 0x0, 0x0, 0x0, 0xff, 0xfe,
    0xff, 0xfe, 0x0, 0x0, 0x0, 0x0, 0xff, 0xfe,

    /* U+004F "O" */
    0x0, 0x7f, 0xff, 0xff, 0xff, 0xff, 0x80, 0x0,
    0x7f, 0xff, 0xff, 0xff, 0xff, 0xff, 0x20, 0x6f,
    0xff, 0xff, 0xff, 0xff, 0xff, 0xfc, 0xf, 0xff,
    0xfc, 0xaa, 0xaa, 0xae, 0xff, 0xf7, 0xff, 0xfe,
    0x0, 0x0, 0x0, 0x3f, 0xff, 0xff, 0xff, 0xe0,
    0x0, 0x0, 0x0, 0xef, 0xff, 0xff, 0xfe, 0x0,
    0x0, 0x0, 0xe, 0xff, 0xff, 0xff, 0xe0, 0x0,
    0x0, 0x0, 0xef, 0xff, 0xff, 0xfe, 0x0, 0x0,
    0x0, 0xe, 0xff, 0xff, 0xff, 0xe0, 0x0, 0x0,
    0x0, 0xef, 0xff, 0xff, 0xfe, 0x0, 0x0, 0x0,
    0xe, 0xff, 0xff, 0xff, 0xe0, 0x0, 0x0, 0x0,
    0xef, 0xff, 0xff, 0xfe, 0x0, 0x0, 0x0, 0xe,
    0xff, 0xff, 0xff, 0xe0, 0x0, 0x0, 0x0, 0xef,
    0xff, 0xff, 0xfe, 0x0, 0x0, 0x0, 0xe, 0xff,
    0xff, 0xff, 0xe0, 0x0, 0x0, 0x0, 0xef, 0xff,
    0xff, 0xfe, 0x0, 0x0, 0x0, 0xe, 0xff, 0xff,
    0xff, 0xe0, 0x0, 0x0, 0x0, 0xef, 0xff, 0xff,
    0xff, 0x30, 0x0, 0x0, 0xe, 0xff, 0xf6, 0xff,
    0xfe, 0xaa, 0xaa, 0xac, 0xff, 0xff, 0xc, 0xff,
    0xff, 0xff, 0xff, 0xff, 0xff, 0x60, 0x2f, 0xff,
    0xff, 0xff, 0xff, 0xff, 0x70, 0x0, 0x6f, 0xff,
    0xff, 0xff, 0xff, 0x80, 0x0,

    /* U+0050 "P" */
    0xff, 0xff, 0xff, 0xff, 0xff, 0xff, 0xf5, 0x0,
    0xff, 0xff, 0xff, 0xff, 0xff, 0xff, 0xfe, 0x10,
    0xff, 0xff, 0xff, 0xff, 0xff, 0xff, 0xff, 0xa0,
    0xff, 0xff, 0xaa, 0xaa, 0xaa, 0xaf, 0xff, 0xf4,
    0xff, 0xfe, 0x0, 0x0, 0x0, 0x7, 0xff, 0xfd,
    0xff, 0xfe, 0x0, 0x0, 0x0, 0x0, 0xff, 0xfe,
    0xff, 0xfe, 0x0, 0x0, 0x0, 0x0, 0xff, 0xfe,
    0xff, 0xfe, 0x0, 0x0, 0x0, 0x0, 0xff, 0xfe,
    0xff, 0xfe, 0x0, 0x0, 0x0, 0x0, 0xff, 0xfe,
    0xff, 0xfe, 0x0, 0x0, 0x0, 0x3, 0xff, 0xfe,
    0xff, 0xfe, 0x4d, 0xff, 0xff, 0xff, 0xff, 0xfc,
    0xff, 0xff, 0xff, 0xff, 0xff, 0xff, 0xff, 0xe1,
    0xff, 0xff, 0xff, 0xff, 0xff, 0xff, 0xfe, 0x20,
    0xff, 0xff, 0xaa, 0xaa, 0xaa, 0xaa, 0xa2, 0x0,
    0xff, 0xfe, 0x0, 0x0, 0x0, 0x0, 0x0, 0x0,
    0xff, 0xfe, 0x0, 0x0, 0x0, 0x0, 0x0, 0x0,
    0xff, 0xfe, 0x0, 0x0, 0x0, 0x0, 0x0, 0x0,
    0xff, 0xfe, 0x0, 0x0, 0x0, 0x0, 0x0, 0x0,
    0xff, 0xfe, 0x0, 0x0, 0x0, 0x0, 0x0, 0x0,
    0xff, 0xfe, 0x0, 0x0, 0x0, 0x0, 0x0, 0x0,
    0xff, 0xfe, 0x0, 0x0, 0x0, 0x0, 0x0, 0x0,
    0xff, 0xfe, 0x0, 0x0, 0x0, 0x0, 0x0, 0x0,
    0xff, 0xfe, 0x0, 0x0, 0x0, 0x0, 0x0, 0x0,

    /* U+0051 "Q" */
    0x0, 0x7f, 0xff, 0xff, 0xff, 0xff, 0x60, 0x0,
    0x7f, 0xff, 0xff, 0xff, 0xff, 0xff, 0x20, 0x6f,
    0xff, 0xff, 0xff, 0xff, 0xff, 0xfc, 0xf, 0xff,
    0xfb, 0xaa, 0xaa, 0xae, 0xff, 0xf6, 0xff, 0xfe,
    0x0, 0x0, 0x0, 0x3f, 0xff, 0xff, 0xff, 0xe0,
    0x0, 0x0, 0x0, 0xef, 0xff, 0xff, 0xfe, 0x0,
    0x0, 0x0, 0xe, 0xff, 0xff, 0xff, 0xe0, 0x0,
    0x0, 0x0, 0xef, 0xff, 0xff, 0xfe, 0x0, 0x0,
    0x0, 0xe, 0xff, 0xff, 0xff, 0xe0, 0x0, 0x0,
    0x0, 0xef, 0xff, 0xff, 0xfe, 0x0, 0x0, 0x0,
    0xe, 0xff, 0xff, 0xff, 0xe0, 0x0, 0x0, 0x0,
    0xef, 0xfe, 0xff, 0xfe, 0x0, 0x0, 0x0, 0xe,
    0xfe, 0x2f, 0xff, 0xe0, 0x0, 0x0, 0x0, 0xef,
    0x30, 0xff, 0xfe, 0x0, 0x0, 0x0, 0xd, 0x40,
    0xf, 0xff, 0xe0, 0x0, 0x0, 0x1, 0x30, 0x0,
    0xff, 0xfe, 0x0, 0x0, 0xa, 0xd0, 0x0, 0xf,
    0xff, 0xe0, 0x0, 0x2d, 0xff, 0x80, 0x0, 0xff,
    0xff, 0x30, 0x1, 0xef, 0xff, 0x20, 0x6, 0xff,
    0xfe, 0xaa, 0xad, 0xff, 0xfc, 0x0, 0xc, 0xff,
    0xff, 0xff, 0xff, 0xff, 0xf7, 0x0, 0x2f, 0xff,
    0xff, 0xff, 0xff, 0xff, 0xf2, 0x0, 0x6f, 0xff,
    0xff, 0xff, 0xff, 0xff, 0x80, 0x0, 0x0, 0x0,
    0x0, 0x0, 0xdf, 0x60, 0x0, 0x0, 0x0, 0x0,
    0x0, 0x3, 0x20, 0x0,

    /* U+0052 "R" */
    0xff, 0xff, 0xff, 0xff, 0xff, 0xff, 0x70, 0x0,
    0xff, 0xff, 0xff, 0xff, 0xff, 0xff, 0xf2, 0x0,
    0xff, 0xff, 0xff, 0xff, 0xff, 0xff, 0xfc, 0x0,
    0xff, 0xff, 0xaa, 0xaa, 0xaa, 0xef, 0xff, 0x60,
    0xff, 0xfe, 0x0, 0x0, 0x0, 0x5f, 0xff, 0xf2,
    0xff, 0xfe, 0x0, 0x0, 0x0, 0xb, 0xff, 0xfb,
    0xff, 0xfe, 0x0, 0x0, 0x0, 0x1, 0xff, 0xfe,
    0xff, 0xfe, 0x0, 0x0, 0x0, 0x0, 0xff, 0xfe,
    0xff, 0xfe, 0x0, 0x0, 0x0, 0x1, 0xff, 0xfe,
    0xff, 0xfe, 0x0, 0x0, 0x0, 0xc, 0xff, 0xfd,
    0xff, 0xff, 0xff, 0xff, 0xff, 0xff, 0xff, 0xf4,
    0xff, 0xff, 0xff, 0xff, 0xff, 0xff, 0xff, 0x40,
    0xff, 0xff, 0xef, 0xff, 0xff, 0xff, 0xf5, 0x0,
    0xff, 0xfe, 0x8, 0xaa, 0xaf, 0xff, 0xf5, 0x0,
    0xff, 0xfe, 0x0, 0x0, 0x7, 0xff, 0xfe, 0x10,
    0xff, 0xfe, 0x0, 0x0, 0x0, 0xbf, 0xff, 0xb0,
    0xff, 0xfe, 0x0, 0x0, 0x0, 0x1e, 0xff, 0xf6,
    0xff, 0xfe, 0x0, 0x0, 0x0, 0x4, 0xff, 0xfd,
    0xff, 0xfe, 0x0, 0x0, 0x0, 0x0, 0xff, 0xfe,
    0xff, 0xfe, 0x0, 0x0, 0x0, 0x0, 0xff, 0xfe,
    0xff, 0xfe, 0x0, 0x0, 0x0, 0x0, 0xff, 0xfe,
    0xff, 0xfe, 0x0, 0x0, 0x0, 0x0, 0xff, 0xfe,
    0xff, 0xfe, 0x0, 0x0, 0x0, 0x0, 0xff, 0xfe,

    /* U+0053 "S" */
    0x0, 0x8, 0xff, 0xff, 0xff, 0xff, 0xff, 0x50,
    0x0, 0x7, 0xff, 0xff, 0xff, 0xff, 0xff, 0xfe,
    0x10, 0x6, 0xff, 0xff, 0xff, 0xff, 0xff, 0xff,
    0xfa, 0x0, 0xff, 0xff, 0xca, 0xaa, 0xaa, 0xaf,
    0xff, 0xe1, 0xf, 0xff, 0xe0, 0x0, 0x0, 0x0,
    0x7f, 0xf3, 0x0, 0xff, 0xfe, 0x0, 0x0, 0x0,
    0x0, 0xc4, 0x0, 0xf, 0xff, 0xe0, 0x0, 0x0,
    0x0, 0x0, 0x0, 0x0, 0xff, 0xfe, 0x0, 0x0,
    0x0, 0x0, 0x0, 0x0, 0xf, 0xff, 0xe0, 0x0,
    0x0, 0x0, 0x0, 0x0, 0x0, 0xdf, 0xff, 0x80,
    0x0, 0x0, 0x0, 0x0, 0x0, 0x3, 0xff, 0xff,
    0xff, 0xff, 0xff, 0xff, 0xa0, 0x0, 0x8, 0xff,
    0xff, 0xff, 0xff, 0xff, 0xff, 0x40, 0x0, 0xd,
    0xff, 0xff, 0xff, 0xff, 0xff, 0xfe, 0x0, 0x0,
    0x3a, 0xaa, 0xaa, 0xaa, 0xad, 0xff, 0xf9, 0x0,
    0x0, 0x0, 0x0, 0x0, 0x0, 0x1f, 0xff, 0xe0,
    0x0, 0x0, 0x0, 0x0, 0x0, 0x0, 0xff, 0xfe,
    0x0, 0x0, 0x0, 0x0, 0x0, 0x0, 0xf, 0xff,
    0xe0, 0x0, 0x10, 0x0, 0x0, 0x0, 0x0, 0xff,
    0xfe, 0x0, 0x7e, 0x10, 0x0, 0x0, 0x0, 0xf,
    0xff, 0xe0, 0x6f, 0xfd, 0xaa, 0xaa, 0xaa, 0xab,
    0xff, 0xfe, 0xe, 0xff, 0xff, 0xff, 0xff, 0xff,
    0xff, 0xff, 0x90, 0x5f, 0xff, 0xff, 0xff, 0xff,
    0xff, 0xff, 0xa0, 0x0, 0xaf, 0xff, 0xff, 0xff,
    0xff, 0xff, 0xb0, 0x0,

    /* U+0054 "T" */
    0xff, 0xff, 0xff, 0xff, 0xff, 0xff, 0xff, 0xff,
    0xff, 0xff, 0xff, 0xff, 0xff, 0xff, 0xff, 0xff,
    0xff, 0xff, 0xff, 0xff, 0xff, 0xff, 0xff, 0xff,
    0xff, 0xfa, 0xaa, 0xaa, 0xef, 0xfb, 0xaa, 0xaa,
    0xaa, 0xaa, 0x0, 0x0, 0x8, 0xff, 0xc0, 0x0,
    0x0, 0x0, 0x0, 0x0, 0x0, 0x3f, 0xff, 0xc0,
    0x0, 0x0, 0x0, 0x0, 0x0, 0x0, 0xef, 0xff,
    0x0, 0x0, 0x0, 0x0, 0x0, 0x0, 0xe, 0xff,
    0xf0, 0x0, 0x0, 0x0, 0x0, 0x0, 0x0, 0xef,
    0xff, 0x0, 0x0, 0x0, 0x0, 0x0, 0x0, 0xe,
    0xff, 0xf0, 0x0, 0x0, 0x0, 0x0, 0x0, 0x0,
    0xef, 0xff, 0x0, 0x0, 0x0, 0x0, 0x0, 0x0,
    0xe, 0xff, 0xf0, 0x0, 0x0, 0x0, 0x0, 0x0,
    0x0, 0xef, 0xff, 0x0, 0x0, 0x0, 0x0, 0x0,
    0x0, 0xe, 0xff, 0xf0, 0x0, 0x0, 0x0, 0x0,
    0x0, 0x0, 0xef, 0xff, 0x0, 0x0, 0x0, 0x0,
    0x0, 0x0, 0xe, 0xff, 0xf0, 0x0, 0x0, 0x0,
    0x0, 0x0, 0x0, 0xef, 0xff, 0x0, 0x0, 0x0,
    0x0, 0x0, 0x0, 0xe, 0xff, 0xf0, 0x0, 0x0,
    0x0, 0x0, 0x0, 0x0, 0xef, 0xff, 0x0, 0x0,
    0x0, 0x0, 0x0, 0x0, 0xe, 0xff, 0xf0, 0x0,
    0x0, 0x0, 0x0, 0x0, 0x0, 0xef, 0xff, 0x0,
    0x0, 0x0, 0x0, 0x0, 0x0, 0xe, 0xff, 0xf0,
    0x0, 0x0, 0x0, 0x0, 0x0, 0x0, 0xef, 0xff,
    0x0, 0x0, 0x0, 0x0,

    /* U+0055 "U" */
    0xff, 0xfe, 0x0, 0x0, 0x0, 0x0, 0xff, 0xfe,
    0xff, 0xfe, 0x0, 0x0, 0x0, 0x0, 0xff, 0xfe,
    0xff, 0xfe, 0x0, 0x0, 0x0, 0x0, 0xff, 0xfe,
    0xff, 0xfe, 0x0, 0x0, 0x0, 0x0, 0xff, 0xfe,
    0xff, 0xfe, 0x0, 0x0, 0x0, 0x0, 0xff, 0xfe,
    0xff, 0xfe, 0x0, 0x0, 0x0, 0x0, 0xff, 0xfe,
    0xff, 0xfe, 0x0, 0x0, 0x0, 0x0, 0xff, 0xfe,
    0xff, 0xfe, 0x0, 0x0, 0x0, 0x0, 0xff, 0xfe,
    0xff, 0xfe, 0x0, 0x0, 0x0, 0x0, 0xff, 0xfe,
    0xff, 0xfe, 0x0, 0x0, 0x0, 0x0, 0xff, 0xfe,
    0xff, 0xfe, 0x0, 0x0, 0x0, 0x0, 0xff, 0xfe,
    0xff, 0xfe, 0x0, 0x0, 0x0, 0x0, 0xff, 0xfe,
    0xff, 0xfe, 0x0, 0x0, 0x0, 0x0, 0xff, 0xfe,
    0xff, 0xfe, 0x0, 0x0, 0x0, 0x0, 0xff, 0xfe,
    0xff, 0xfe, 0x0, 0x0, 0x0, 0x0, 0xff, 0xfe,
    0xff, 0xfe, 0x0, 0x0, 0x0, 0x0, 0xff, 0xfe,
    0xff, 0xfe, 0x0, 0x0, 0x0, 0x0, 0xff, 0xfe,
    0xff, 0xfe, 0x0, 0x0, 0x0, 0x0, 0xff, 0xfe,
    0xff, 0xff, 0x40, 0x0, 0x0, 0x0, 0xff, 0xfe,
    0x6f, 0xff, 0xea, 0xaa, 0xaa, 0xad, 0xff, 0xfe,
    0xc, 0xff, 0xff, 0xff, 0xff, 0xff, 0xff, 0xfe,
    0x2, 0xff, 0xff, 0xff, 0xff, 0xff, 0xff, 0xfe,
    0x0, 0x6f, 0xff, 0xff, 0xff, 0xc3, 0xff, 0xfe,

    /* U+0056 "V" */
    0xff, 0xfe, 0x0, 0x0, 0x0, 0xe, 0xff, 0xff,
    0xff, 0xe0, 0x0, 0x0, 0x0, 0xef, 0xff, 0xff,
    0xfe, 0x0, 0x0, 0x0, 0xe, 0xff, 0xff, 0xff,
    0xe0, 0x0, 0x0, 0x0, 0xef, 0xff, 0xff, 0xfe,
    0x0, 0x0, 0x0, 0xe, 0xff, 0xff, 0xff, 0xe0,
    0x0, 0x0, 0x0, 0xef, 0xff, 0xff, 0xfe, 0x0,
    0x0, 0x0, 0xe, 0xff, 0xff, 0xff, 0xe0, 0x0,
    0x0, 0x0, 0xef, 0xff, 0xff, 0xfe, 0x0, 0x0,
    0x0, 0xe, 0xff, 0xff, 0xff, 0xe0, 0x0, 0x0,
    0x0, 0xef, 0xff, 0xff, 0xfe, 0x0, 0x0, 0x0,
    0xe, 0xff, 0xff, 0xff, 0xe0, 0x0, 0x0, 0x0,
    0xef, 0xff, 0xff, 0xfe, 0x0, 0x0, 0x0, 0xe,
    0xff, 0xff, 0xff, 0xe0, 0x0, 0x0, 0x0, 0xef,
    0xff, 0xff, 0xff, 0x10, 0x0, 0x0, 0x5f, 0xff,
    0xfa, 0xff, 0xfa, 0x0, 0x0, 0x3f, 0xff, 0xfa,
    0x1e, 0xff, 0xf4, 0x0, 0x2e, 0xff, 0xfb, 0x0,
    0x5f, 0xff, 0xd0, 0x1e, 0xff, 0xfc, 0x0, 0x0,
    0xbf, 0xff, 0x8c, 0xff, 0xfd, 0x10, 0x0, 0x1,
    0xff, 0xff, 0xff, 0xfe, 0x20, 0x0, 0x0, 0x6,
    0xff, 0xff, 0xff, 0x30, 0x0, 0x0, 0x0, 0xc,
    0xff, 0xff, 0x40, 0x0, 0x0, 0x0, 0x0, 0x2f,
    0xff, 0x50, 0x0, 0x0, 0x0,

    /* U+0057 "W" */
    0xff, 0xfe, 0x0, 0x0, 0x0, 0x0, 0xcf, 0xff,
    0x2f, 0xff, 0xe0, 0x0, 0x0, 0x0, 0xc, 0xff,
    0xf2, 0xff, 0xfe, 0x0, 0x0, 0x0, 0x0, 0xcf,
    0xff, 0x2f, 0xff, 0xe0, 0x0, 0x0, 0x0, 0xc,
    0xff, 0xf2, 0xff, 0xfe, 0x0, 0x0, 0x0, 0x0,
    0xcf, 0xff, 0x2f, 0xff, 0xe0, 0x0, 0x0, 0x0,
    0xc, 0xff, 0xf2, 0xff, 0xfe, 0x0, 0x0, 0x0,
    0x0, 0xcf, 0xff, 0x2f, 0xff, 0xe0, 0x0, 0x0,
    0x0, 0xc, 0xff, 0xf2, 0xff, 0xfe, 0x0, 0x0,
    0x0, 0x0, 0xcf, 0xff, 0x2f, 0xff, 0xe0, 0xe,
    0xff, 0xf0, 0xc, 0xff, 0xf2, 0xff, 0xfe, 0x0,
    0xef, 0xff, 0x0, 0xcf, 0xff, 0x2f, 0xff, 0xe0,
    0xe, 0xff, 0xf0, 0xc, 0xff, 0xf2, 0xff, 0xfe,
    0x0, 0xef, 0xff, 0x0, 0xcf, 0xff, 0x2f, 0xff,
    0xe0, 0xe, 0xff, 0xf0, 0xc, 0xff, 0xf2, 0xff,
    0xfe, 0x0, 0xef, 0xff, 0x0, 0xcf, 0xff, 0x2f,
    0xff, 0xe0, 0xe, 0xff, 0xf0, 0xc, 0xff, 0xf2,
    0xff, 0xff, 0x10, 0xef, 0xff, 0x0, 0xcf, 0xff,
    0x2d, 0xff, 0xfa, 0xe, 0xff, 0xf7, 0x3f, 0xff,
    0xf2, 0x3f, 0xff, 0xfc, 0xff, 0xff, 0xee, 0xff,
    0xff, 0x10, 0x8f, 0xff, 0xff, 0xff, 0xff, 0xff,
    0xff, 0x50, 0x0, 0xdf, 0xff, 0xff, 0xff, 0xff,
    0xff, 0x60, 0x0, 0x2, 0xff, 0xff, 0xda, 0xff,
    0xff, 0x60, 0x0, 0x0, 0x7, 0xff, 0xd1, 0x1f,
    0xff, 0x70, 0x0, 0x0,

    /* U+0058 "X" */
    0xff, 0xfe, 0x0, 0x0, 0x0, 0xef, 0xff, 0xff,
    0xfe, 0x0, 0x0, 0x0, 0xef, 0xff, 0xff, 0xfe,
    0x0, 0x0, 0x0, 0xef, 0xff, 0xff, 0xfe, 0x0,
    0x0, 0x0, 0xef, 0xff, 0xff, 0xfe, 0x0, 0x0,
    0x0, 0xef, 0xff, 0xff, 0xfe, 0x0, 0x0, 0x0,
    0xef, 0xff, 0xff, 0xfe, 0x0, 0x0, 0x7, 0xff,
    0xff, 0xff, 0xff, 0x20, 0x0, 0x5f, 0xff, 0xf8,
    0x8f, 0xff, 0xc0, 0x4, 0xff, 0xff, 0x90, 0xd,
    0xff, 0xfa, 0x8f, 0xff, 0xf9, 0x0, 0x3, 0xff,
    0xff, 0xff, 0xff, 0xf3, 0x0, 0x0, 0x8f, 0xff,
    0xff, 0xff, 0xfc, 0x0, 0x0, 0x3f, 0xff, 0xff,
    0xff, 0xff, 0x70, 0x2, 0xef, 0xff, 0xc3, 0x5f,
    0xff, 0xf2, 0x1e, 0xff, 0xfd, 0x10, 0x9, 0xff,
    0xfc, 0xdf, 0xff, 0xe2, 0x0, 0x0, 0xef, 0xff,
    0xff, 0xff, 0x30, 0x0, 0x0, 0xef, 0xff, 0xff,
    0xfe, 0x0, 0x0, 0x0, 0xef, 0xff, 0xff, 0xfe,
    0x0, 0x0, 0x0, 0xef, 0xff, 0xff, 0xfe, 0x0,
    0x0, 0x0, 0xef, 0xff, 0xff, 0xfe, 0x0, 0x0,
    0x0, 0xef, 0xff, 0xff, 0xfe, 0x0, 0x0, 0x0,
    0xef, 0xff, 0xff, 0xfe, 0x0, 0x0, 0x0, 0xef,
    0xff,

    /* U+0059 "Y" */
    0xff, 0xfe, 0x0, 0x0, 0x0, 0x0, 0xff, 0xfe,
    0xff, 0xfe, 0x0, 0x0, 0x0, 0x0, 0xff, 0xfe,
    0xff, 0xfe, 0x0, 0x0, 0x0, 0x0, 0xff, 0xfe,
    0xff, 0xff, 0x10, 0x0, 0x0, 0x0, 0xff, 0xfe,
    0x9f, 0xff, 0xb0, 0x0, 0x0, 0x0, 0xff, 0xfe,
    0xd, 0xff, 0xf7, 0x0, 0x0, 0x6, 0xff, 0xfe,
    0x3, 0xff, 0xff, 0x20, 0x0, 0x6f, 0xff, 0xfa,
    0x0, 0x8f, 0xff, 0xc0, 0x6, 0xff, 0xff, 0xb0,
    0x0, 0xd, 0xff, 0xf8, 0x5f, 0xff, 0xfb, 0x0,
    0x0, 0x3, 0xff, 0xff, 0xff, 0xff, 0xc0, 0x0,
    0x0, 0x0, 0x8f, 0xff, 0xff, 0xfc, 0x0, 0x0,
    0x0, 0x0, 0xc, 0xff, 0xff, 0xc0, 0x0, 0x0,
    0x0, 0x0, 0x2, 0xff, 0xfe, 0x0, 0x0, 0x0,
    0x0, 0x0, 0x0, 0xff, 0xfe, 0x0, 0x0, 0x0,
    0x0, 0x0, 0x0, 0xff, 0xfe, 0x0, 0x0, 0x0,
    0x0, 0x0, 0x0, 0xff, 0xfe, 0x0, 0x0, 0x0,
    0x0, 0x0, 0x0, 0xff, 0xfe, 0x0, 0x0, 0x0,
    0x0, 0x0, 0x0, 0xff, 0xfe, 0x0, 0x0, 0x0,
    0x0, 0x0, 0x0, 0xff, 0xfe, 0x0, 0x0, 0x0,
    0x0, 0x0, 0x0, 0xff, 0xfe, 0x0, 0x0, 0x0,
    0x0, 0x0, 0x0, 0xff, 0xfe, 0x0, 0x0, 0x0,
    0x0, 0x0, 0x0, 0xff, 0xfe, 0x0, 0x0, 0x0,
    0x0, 0x0, 0x0, 0xff, 0xfe, 0x0, 0x0, 0x0,

    /* U+005A "Z" */
    0xff, 0xff, 0xff, 0xff, 0xff, 0xff, 0xff, 0xfe,
    0xff, 0xff, 0xff, 0xff, 0xff, 0xff, 0xff, 0xfe,
    0xff, 0xff, 0xff, 0xff, 0xff, 0xff, 0xff, 0xfe,
    0xaa, 0xaa, 0xaa, 0xaa, 0xaa, 0xaa, 0xff, 0xfe,
    0x0, 0x0, 0x0, 0x0, 0x0, 0x0, 0xff, 0xfe,
    0x0, 0x0, 0x0, 0x0, 0x0, 0x4, 0xff, 0xfe,
    0x0, 0x0, 0x0, 0x0, 0x0, 0x3f, 0xff, 0xfb,
    0x0, 0x0, 0x0, 0x0, 0x2, 0xef, 0xff, 0xe1,
    0x0, 0x0, 0x0, 0x0, 0xe, 0xff, 0xff, 0x20,
    0x0, 0x0, 0xff, 0xff, 0xff, 0xff, 0xff, 0x0,
    0x0, 0x0, 0xff, 0xff, 0xff, 0xff, 0xff, 0x0,
    0x0, 0x0, 0xff, 0xff, 0xff, 0xff, 0xff, 0x0,
    0x0, 0x0, 0xcf, 0xff, 0xfe, 0xaa, 0xaa, 0x0,
    0x0, 0x1, 0xef, 0xff, 0xe3, 0x0, 0x0, 0x0,
    0x0, 0x1d, 0xff, 0xfe, 0x30, 0x0, 0x0, 0x0,
    0x1, 0xdf, 0xff, 0xe3, 0x0, 0x0, 0x0, 0x0,
    0x1d, 0xff, 0xfe, 0x30, 0x0, 0x0, 0x0, 0x0,
    0xdf, 0xff, 0xe3, 0x0, 0x0, 0x0, 0x0, 0x0,
    0xff, 0xff, 0x30, 0x0, 0x0, 0x0, 0x0, 0x0,
    0xff, 0xff, 0xaa, 0xaa, 0xaa, 0xaa, 0xaa, 0xa9,
    0xff, 0xff, 0xff, 0xff, 0xff, 0xff, 0xff, 0xfe,
    0xff, 0xff, 0xff, 0xff, 0xff, 0xff, 0xff, 0xfe,
    0xff, 0xff, 0xff, 0xff, 0xff, 0xff, 0xff, 0xfe,

    /* U+005B "[" */
    0xaa, 0xaa, 0xaa, 0xaa, 0xaa, 0xff, 0xff, 0xff,
    0xff, 0xff, 0xff, 0xff, 0xff, 0xff, 0xff, 0xff,
    0xff, 0xff, 0xff, 0xff, 0xff, 0xfe, 0x0, 0x0,
    0x0, 0xff, 0xfe, 0x0, 0x0, 0x0, 0xff, 0xfe,
    0x0, 0x0, 0x0, 0xff, 0xfe, 0x0, 0x0, 0x0,
    0xff, 0xfe, 0x0, 0x0, 0x0, 0xff, 0xfe, 0x0,
    0x0, 0x0, 0xff, 0xfe, 0x0, 0x0, 0x0, 0xff,
    0xfe, 0x0, 0x0, 0x0, 0xff, 0xfe, 0x0, 0x0,
    0x0, 0xff, 0xfe, 0x0, 0x0, 0x0, 0xff, 0xfe,
    0x0, 0x0, 0x0, 0xff, 0xfe, 0x0, 0x0, 0x0,
    0xff, 0xfe, 0x0, 0x0, 0x0, 0xff, 0xfe, 0x0,
    0x0, 0x0, 0xff, 0xfe, 0x0, 0x0, 0x0, 0xff,
    0xfe, 0x0, 0x0, 0x0, 0xff, 0xfe, 0x0, 0x0,
    0x0, 0xff, 0xfe, 0x0, 0x0, 0x0, 0xff, 0xfe,
    0x0, 0x0, 0x0, 0xff, 0xfe, 0x0, 0x0, 0x0,
    0xff, 0xfe, 0x0, 0x0, 0x0, 0xff, 0xfe, 0x0,
    0x0, 0x0, 0xff, 0xfe, 0x0, 0x0, 0x0, 0xff,
    0xfe, 0x0, 0x0, 0x0, 0xff, 0xfe, 0x0, 0x0,
    0x0, 0xff, 0xff, 0xaa, 0xaa, 0xaa, 0xff, 0xff,
    0xff, 0xff, 0xff, 0xff, 0xff, 0xff, 0xff, 0xff,
    0xff, 0xff, 0xff, 0xff, 0xff,

    /* U+005C "\\" */
    0x0, 0x0, 0x0, 0x0, 0x0, 0x0, 0x0, 0x0,
    0x4a, 0xf3, 0x0, 0x0, 0x0, 0x0, 0x0, 0x2f,
    0xff, 0x90, 0x0, 0x0, 0x0, 0x0, 0x0, 0xdf,
    0xfe, 0x0, 0x0, 0x0, 0x0, 0x0, 0x8, 0xff,
    0xf3, 0x0, 0x0, 0x0, 0x0, 0x0, 0x2f, 0xff,
    0x90, 0x0, 0x0, 0x0, 0x0, 0x0, 0xdf, 0xfe,
    0x0, 0x0, 0x0, 0x0, 0x0, 0x8, 0xff, 0xf3,
    0x0, 0x0, 0x0, 0x0, 0x0, 0x2f, 0xff, 0x90,
    0x0, 0x0, 0x0, 0x0, 0x0, 0xdf, 0xfe, 0x0,
    0x0, 0x0, 0x0, 0x0, 0x8, 0xff, 0xf3, 0x0,
    0x0, 0x0, 0x0, 0x0, 0x2f, 0xff, 0x90, 0x0,
    0x0, 0x0, 0x0, 0x0, 0xdf, 0xfe, 0x0, 0x0,
    0x0, 0x0, 0x0, 0x8, 0xff, 0xf3, 0x0, 0x0,
    0x0, 0x0, 0x0, 0x2f, 0xff, 0x90, 0x0, 0x0,
    0x0, 0x0, 0x0, 0xdf, 0xfe, 0x0, 0x0, 0x0,
    0x0, 0x0, 0x8, 0xff, 0xf3, 0x0, 0x0, 0x0,
    0x0, 0x0, 0x2f, 0xff, 0x90, 0x0, 0x0, 0x0,
    0x0, 0x0, 0xdf, 0xfe, 0x0, 0x0, 0x0, 0x0,
    0x0, 0x8, 0xff, 0xf3, 0x0, 0x0, 0x0, 0x0,
    0x0, 0x2f, 0xff, 0x90, 0x0, 0x0, 0x0, 0x0,
    0x0, 0xdf, 0xfe, 0x0, 0x0, 0x0, 0x0, 0x0,
    0x8, 0xff, 0xf3, 0x0, 0x0, 0x0, 0x0, 0x0,
    0x2f, 0xff, 0x90, 0x0, 0x0, 0x0, 0x0, 0x0,
    0xdf, 0xfe, 0x0, 0x0, 0x0, 0x0, 0x0, 0x8,
    0xff, 0xf3, 0x0, 0x0, 0x0, 0x0, 0x0, 0x2f,
    0xff, 0x80, 0x0, 0x0, 0x0, 0x0, 0x0, 0xdf,
    0xfe, 0x0, 0x0, 0x0, 0x0, 0x0, 0x8, 0xff,
    0xf3, 0x0, 0x0, 0x0, 0x0, 0x0, 0x2f, 0xff,
    0x80, 0x0, 0x0, 0x0, 0x0, 0x0, 0xdf, 0xfe,
    0x0, 0x0, 0x0, 0x0, 0x0, 0x8, 0xff, 0xf3,
    0x0, 0x0, 0x0, 0x0, 0x0, 0x2f, 0xfc, 0x40,
    0x0, 0x0, 0x0, 0x0, 0x0, 0x62, 0x0,

    /* U+005D "]" */
    0x5a, 0xaa, 0xaa, 0xaa, 0xaa, 0x98, 0xff, 0xff,
    0xff, 0xff, 0xfe, 0x8f, 0xff, 0xff, 0xff, 0xff,
    0xe8, 0xff, 0xff, 0xff, 0xff, 0xfe, 0x0, 0x0,
    0x0, 0xf, 0xff, 0xe0, 0x0, 0x0, 0x0, 0xff,
    0xfe, 0x0, 0x0, 0x0, 0xf, 0xff, 0xe0, 0x0,
    0x0, 0x0, 0xff, 0xfe, 0x0, 0x0, 0x0, 0xf,
    0xff, 0xe0, 0x0, 0x0, 0x0, 0xff, 0xfe, 0x0,
    0x0, 0x0, 0xf, 0xff, 0xe0, 0x0, 0x0, 0x0,
    0xff, 0xfe, 0x0, 0x0, 0x0, 0xf, 0xff, 0xe0,
    0x0, 0x0, 0x0, 0xff, 0xfe, 0x0, 0x0, 0x0,
    0xf, 0xff, 0xe0, 0x0, 0x0, 0x0, 0xff, 0xfe,
    0x0, 0x0, 0x0, 0xf, 0xff, 0xe0, 0x0, 0x0,
    0x0, 0xff, 0xfe, 0x0, 0x0, 0x0, 0xf, 0xff,
    0xe0, 0x0, 0x0, 0x0, 0xff, 0xfe, 0x0, 0x0,
    0x0, 0xf, 0xff, 0xe0, 0x0, 0x0, 0x0, 0xff,
    0xfe, 0x0, 0x0, 0x0, 0xf, 0xff, 0xe0, 0x0,
    0x0, 0x0, 0xff, 0xfe, 0x0, 0x0, 0x0, 0xf,
    0xff, 0xe0, 0x0, 0x0, 0x0, 0xff, 0xfe, 0x0,
    0x0, 0x0, 0xf, 0xff, 0xe0, 0x0, 0x0, 0x0,
    0xff, 0xfe, 0x0, 0x0, 0x0, 0xf, 0xff, 0xe5,
    0xaa, 0xaa, 0xaa, 0xff, 0xfe, 0x8f, 0xff, 0xff,
    0xff, 0xff, 0xe8, 0xff, 0xff, 0xff, 0xff, 0xfe,
    0x8f, 0xff, 0xff, 0xff, 0xff, 0xe0,

    /* U+005E "^" */
    0x0, 0x0, 0x0, 0x1e, 0xff, 0xff, 0x20, 0x0,
    0x0, 0x0, 0x0, 0x0, 0x8, 0xff, 0xff, 0xfb,
    0x0, 0x0, 0x0, 0x0, 0x0, 0x2, 0xff, 0xff,
    0xff, 0xf4, 0x0, 0x0, 0x0, 0x0, 0x0, 0xbf,
    0xff, 0xff, 0xff, 0xd0, 0x0, 0x0, 0x0, 0x0,
    0x4f, 0xff, 0xf2, 0xef, 0xff, 0x70, 0x0, 0x0,
    0x0, 0xd, 0xff, 0xf8, 0x6, 0xff, 0xfe, 0x10,
    0x0, 0x0, 0x6, 0xff, 0xfe, 0x0, 0xc, 0xff,
    0xf9, 0x0, 0x0, 0x0, 0xef, 0xff, 0x60, 0x0,
    0x3f, 0xff, 0xf2, 0x0, 0x0, 0x8f, 0xff, 0xd0,
    0x0, 0x0, 0xaf, 0xff, 0xb0, 0x0, 0x2f, 0xff,
    0xf4, 0x0, 0x0, 0x1, 0xff, 0xff, 0x50, 0xa,
    0xff, 0xfb, 0x0, 0x0, 0x0, 0x7, 0xff, 0xfd,
    0x0, 0x6d, 0xff, 0x20, 0x0, 0x0, 0x0, 0xd,
    0xff, 0xa1, 0x0, 0x5, 0x70, 0x0, 0x0, 0x0,
    0x0, 0x4a, 0x20, 0x0,

    /* U+005F "_" */
    0xaa, 0xaa, 0xaa, 0xaa, 0xaa, 0xaa, 0xaa, 0xaa,
    0xaf, 0xff, 0xff, 0xff, 0xff, 0xff, 0xff, 0xff,
    0xff, 0xff, 0xff, 0xff, 0xff, 0xff, 0xff, 0xff,
    0xff, 0xff, 0xff, 0xff, 0xff, 0xff, 0xff, 0xff,
    0xff, 0xff,

    /* U+0060 "`" */
    0x0, 0x0, 0x0, 0x0, 0x0, 0x2d, 0x40, 0x0,
    0x0, 0xb, 0xff, 0xa1, 0x0, 0x6, 0xff, 0xff,
    0xe4, 0x0, 0x19, 0xff, 0xff, 0xfa, 0x10, 0x1,
    0x9f, 0xff, 0xfc, 0x0, 0x0, 0x18, 0xff, 0x40,
    0x0, 0x0, 0x1, 0x60,

    /* U+0061 "a" */
    0x0, 0xf, 0xff, 0xff, 0xff, 0xff, 0xfe, 0x10,
    0x0, 0xf, 0xff, 0xff, 0xff, 0xff, 0xff, 0xa0,
    0x0, 0xf, 0xff, 0xff, 0xff, 0xff, 0xff, 0xf4,
    0x0, 0xa, 0xaa, 0xaa, 0xaa, 0xaa, 0xff, 0xfd,
    0x0, 0x0, 0x0, 0x0, 0x0, 0x0, 0xff, 0xfe,
    0x0, 0x0, 0x0, 0x0, 0x0, 0x0, 0xff, 0xfe,
    0x0, 0x0, 0x7, 0xaa, 0xaa, 0xaa, 0xff, 0xfe,
    0x0, 0x0, 0x7f, 0xff, 0xff, 0xff, 0xff, 0xfe,
    0x0, 0x6, 0xff, 0xff, 0xff, 0xff, 0xff, 0xfe,
    0x0, 0x5f, 0xff, 0xff, 0xff, 0xff, 0xff, 0xfe,
    0x4, 0xff, 0xff, 0x90, 0x0, 0x0, 0xff, 0xfe,
    0x3f, 0xff, 0xfa, 0x0, 0x0, 0x0, 0xff, 0xfe,
    0x8f, 0xff, 0xb0, 0x0, 0x0, 0x0, 0xff, 0xfe,
    0x7f, 0xff, 0xb0, 0x0, 0x0, 0x0, 0xff, 0xfe,
    0xe, 0xff, 0xfa, 0xaa, 0xaa, 0xaa, 0xff, 0xfe,
    0x4, 0xff, 0xff, 0xff, 0xff, 0xff, 0xff, 0xfe,
    0x0, 0xaf, 0xff, 0xff, 0xff, 0xff, 0xff, 0xfe,
    0x0, 0x1e, 0xff, 0xff, 0xff, 0xd3, 0xff, 0xfe,

    /* U+0062 "b" */
    0xff, 0xfe, 0x0, 0x0, 0x0, 0x0, 0x0, 0x0,
    0xff, 0xfe, 0x0, 0x0, 0x0, 0x0, 0x0, 0x0,
    0xff, 0xfe, 0x0, 0x0, 0x0, 0x0, 0x0, 0x0,
    0xff, 0xfe, 0x0, 0x0, 0x0, 0x0, 0x0, 0x0,
    0xff, 0xfe, 0x0, 0x0, 0x0, 0x0, 0x0, 0x0,
    0xff, 0xfe, 0x0, 0x0, 0x0, 0x0, 0x0, 0x0,
    0xff, 0xfe, 0x0, 0x0, 0x0, 0x0, 0x0, 0x0,
    0xff, 0xfe, 0x4d, 0xff, 0xff, 0xff, 0xf4, 0x0,
    0xff, 0xff, 0xff, 0xff, 0xff, 0xff, 0xfe, 0x0,
    0xff, 0xff, 0xff, 0xff, 0xff, 0xff, 0xff, 0x90,
    0xff, 0xff, 0xca, 0xaa, 0xaa, 0xaf, 0xff, 0xf4,
    0xff, 0xfe, 0x0, 0x0, 0x0, 0x6, 0xff, 0xfd,
    0xff, 0xfe, 0x0, 0x0, 0x0, 0x0, 0xff, 0xfe,
    0xff, 0xfe, 0x0, 0x0, 0x0, 0x0, 0xff, 0xfe,
    0xff, 0xfe, 0x0, 0x0, 0x0, 0x0, 0xff, 0xfe,
    0xff, 0xfe, 0x0, 0x0, 0x0, 0x0, 0xff, 0xfe,
    0xff, 0xfe, 0x0, 0x0, 0x0, 0x0, 0xff, 0xfe,
    0xff, 0xfe, 0x0, 0x0, 0x0, 0x0, 0xff, 0xfe,
    0xff, 0xfe, 0x0, 0x0, 0x0, 0x0, 0xff, 0xfe,
    0xff, 0xfe, 0x0, 0x0, 0x0, 0x0, 0xff, 0xfe,
    0xff, 0xfe, 0x0, 0x0, 0x0, 0x0, 0xff, 0xfe,
    0xff, 0xff, 0xaa, 0xaa, 0xaa, 0xad, 0xff, 0xfd,
    0xff, 0xff, 0xff, 0xff, 0xff, 0xff, 0xff, 0xf4,
    0xff, 0xff, 0xff, 0xff, 0xff, 0xff, 0xff, 0x50,
    0xff, 0xfe, 0x4d, 0xff, 0xff, 0xff, 0xf5, 0x0,

    /* U+0063 "c" */
    0x0, 0xaf, 0xff, 0xff, 0xff, 0xff, 0xc0, 0x0,
    0x9, 0xff, 0xff, 0xff, 0xff, 0xff, 0xf7, 0x0,
    0x9f, 0xff, 0xff, 0xff, 0xff, 0xff, 0xff, 0x30,
    0xff, 0xff, 0xca, 0xaa, 0xaa, 0xbf, 0xff, 0xd0,
    0xff, 0xfe, 0x0, 0x0, 0x0, 0xb, 0xff, 0x80,
    0xff, 0xfe, 0x0, 0x0, 0x0, 0x1, 0xf8, 0x0,
    0xff, 0xfe, 0x0, 0x0, 0x0, 0x0, 0x20, 0x0,
    0xff, 0xfe, 0x0, 0x0, 0x0, 0x0, 0x0, 0x0,
    0xff, 0xfe, 0x0, 0x0, 0x0, 0x0, 0x0, 0x0,
    0xff, 0xfe, 0x0, 0x0, 0x0, 0x0, 0x0, 0x0,
    0xff, 0xfe, 0x0, 0x0, 0x0, 0x0, 0x0, 0x0,
    0xff, 0xfe, 0x0, 0x0, 0x0, 0x0, 0x0, 0x0,
    0xff, 0xfe, 0x0, 0x0, 0x0, 0x0, 0x36, 0x0,
    0xef, 0xff, 0x40, 0x0, 0x0, 0x3, 0xff, 0x10,
    0x5f, 0xff, 0xea, 0xaa, 0xaa, 0xae, 0xff, 0xb0,
    0xb, 0xff, 0xff, 0xff, 0xff, 0xff, 0xff, 0x90,
    0x2, 0xff, 0xff, 0xff, 0xff, 0xff, 0xfb, 0x0,
    0x0, 0x7f, 0xff, 0xff, 0xff, 0xff, 0xc0, 0x0,

    /* U+0064 "d" */
    0x0, 0x0, 0x0, 0x0, 0x0, 0x0, 0xff, 0xfe,
    0x0, 0x0, 0x0, 0x0, 0x0, 0x0, 0xff, 0xfe,
    0x0, 0x0, 0x0, 0x0, 0x0, 0x0, 0xff, 0xfe,
    0x0, 0x0, 0x0, 0x0, 0x0, 0x0, 0xff, 0xfe,
    0x0, 0x0, 0x0, 0x0, 0x0, 0x0, 0xff, 0xfe,
    0x0, 0x0, 0x0, 0x0, 0x0, 0x0, 0xff, 0xfe,
    0x0, 0x0, 0x0, 0x0, 0x0, 0x0, 0xff, 0xfe,
    0x0, 0x8f, 0xff, 0xff, 0xff, 0xc3, 0xff, 0xfe,
    0x7, 0xff, 0xff, 0xff, 0xff, 0xff, 0xff, 0xfe,
    0x6f, 0xff, 0xff, 0xff, 0xff, 0xff, 0xff, 0xfe,
    0xff, 0xff, 0xca, 0xaa, 0xaa, 0xaf, 0xff, 0xfe,
    0xff, 0xfe, 0x0, 0x0, 0x0, 0x6, 0xff, 0xfe,
    0xff, 0xfe, 0x0, 0x0, 0x0, 0x0, 0xff, 0xfe,
    0xff, 0xfe, 0x0, 0x0, 0x0, 0x0, 0xff, 0xfe,
    0xff, 0xfe, 0x0, 0x0, 0x0, 0x0, 0xff, 0xfe,
    0xff, 0xfe, 0x0, 0x0, 0x0, 0x0, 0xff, 0xfe,
    0xff, 0xfe, 0x0, 0x0, 0x0, 0x0, 0xff, 0xfe,
    0xff, 0xfe, 0x0, 0x0, 0x0, 0x0, 0xff, 0xfe,
    0xff, 0xfe, 0x0, 0x0, 0x0, 0x0, 0xff, 0xfe,
    0xff, 0xfe, 0x0, 0x0, 0x0, 0x0, 0xff, 0xfe,
    0xff, 0xff, 0x40, 0x0, 0x0, 0x0, 0xff, 0xfe,
    0x6f, 0xff, 0xea, 0xaa, 0xaa, 0xac, 0xff, 0xfe,
    0xb, 0xff, 0xff, 0xff, 0xff, 0xff, 0xff, 0xfe,
    0x1, 0xff, 0xff, 0xff, 0xff, 0xff, 0xff, 0xfe,
    0x0, 0x6f, 0xff, 0xff, 0xff, 0xc3, 0xff, 0xfe,

    /* U+0065 "e" */
    0x0, 0x8f, 0xff, 0xff, 0xff, 0xff, 0xc0, 0x0,
    0x8, 0xff, 0xff, 0xff, 0xff, 0xff, 0xf7, 0x0,
    0x9f, 0xff, 0xff, 0xff, 0xff, 0xff, 0xff, 0x30,
    0xff, 0xff, 0xca, 0xaa, 0xaa, 0xef, 0xff, 0xd0,
    0xff, 0xfe, 0x0, 0x0, 0x0, 0x8f, 0xff, 0xf2,
    0xff, 0xfe, 0x0, 0x0, 0x5, 0xff, 0xff, 0x50,
    0xff, 0xfe, 0x0, 0x0, 0x4f, 0xff, 0xf6, 0x0,
    0xff, 0xff, 0xff, 0xff, 0xff, 0xff, 0x80, 0x0,
    0xff, 0xff, 0xff, 0xff, 0xff, 0xfa, 0x0, 0x0,
    0xff, 0xff, 0xff, 0xff, 0xff, 0xb0, 0x0, 0x0,
    0xff, 0xff, 0xaa, 0xaa, 0xa9, 0x0, 0x0, 0x0,
    0xff, 0xfe, 0x0, 0x0, 0x0, 0x0, 0x0, 0x0,
    0xff, 0xfe, 0x0, 0x0, 0x0, 0x0, 0x20, 0x0,
    0xff, 0xff, 0x40, 0x0, 0x0, 0x3, 0xe8, 0x0,
    0x9f, 0xff, 0xea, 0xaa, 0xaa, 0xae, 0xff, 0x50,
    0xd, 0xff, 0xff, 0xff, 0xff, 0xff, 0xff, 0xc0,
    0x2, 0xff, 0xff, 0xff, 0xff, 0xff, 0xfc, 0x10,
    0x0, 0x6f, 0xff, 0xff, 0xff, 0xff, 0xd1, 0x0,

    /* U+0066 "f" */
    0x0, 0x0, 0x2e, 0xff, 0xff, 0xff, 0xff, 0x30,
    0x0, 0x1, 0xef, 0xff, 0xff, 0xff, 0xff, 0xd0,
    0x0, 0x1d, 0xff, 0xff, 0xff, 0xff, 0xff, 0xf9,
    0x0, 0xcf, 0xff, 0xfa, 0xaa, 0xaa, 0xff, 0xf5,
    0x0, 0xef, 0xff, 0x40, 0x0, 0x0, 0x7f, 0x60,
    0x0, 0xef, 0xff, 0x0, 0x0, 0x0, 0x5, 0x0,
    0x0, 0xef, 0xff, 0x0, 0x0, 0x0, 0x0, 0x0,
    0x0, 0xef, 0xff, 0x0, 0x0, 0x0, 0x0, 0x0,
    0x0, 0xef, 0xff, 0x0, 0x0, 0x0, 0x0, 0x0,
    0xff, 0xff, 0xff, 0xff, 0xff, 0xff, 0x0, 0x0,
    0xff, 0xff, 0xff, 0xff, 0xff, 0xff, 0x0, 0x0,
    0xff, 0xff, 0xff, 0xff, 0xff, 0xff, 0x0, 0x0,
    0xaa, 0xff, 0xff, 0xaa, 0xaa, 0xaa, 0x0, 0x0,
    0x0, 0xef, 0xff, 0x0, 0x0, 0x0, 0x0, 0x0,
    0x0, 0xef, 0xff, 0x0, 0x0, 0x0, 0x0, 0x0,
    0x0, 0xef, 0xff, 0x0, 0x0, 0x0, 0x0, 0x0,
    0x0, 0xef, 0xff, 0x0, 0x0, 0x0, 0x0, 0x0,
    0x0, 0xef, 0xff, 0x0, 0x0, 0x0, 0x0, 0x0,
    0x0, 0xef, 0xff, 0x0, 0x0, 0x0, 0x0, 0x0,
    0x0, 0xef, 0xff, 0x0, 0x0, 0x0, 0x0, 0x0,
    0x0, 0xef, 0xff, 0x0, 0x0, 0x0, 0x0, 0x0,
    0x0, 0xef, 0xff, 0x0, 0x0, 0x0, 0x0, 0x0,
    0x0, 0xef, 0xff, 0x0, 0x0, 0x0, 0x0, 0x0,

    /* U+0067 "g" */
    0x0, 0x2, 0xef, 0xff, 0xff, 0xc4, 0xff, 0xfe,
    0x0, 0x2e, 0xff, 0xff, 0xff, 0xff, 0xff, 0xfe,
    0x2, 0xef, 0xff, 0xff, 0xff, 0xff, 0xff, 0xfe,
    0xd, 0xff, 0xfd, 0xaa, 0xaa, 0xaf, 0xff, 0xfe,
    0xf, 0xff, 0xf1, 0x0, 0x0, 0x5, 0xff, 0xfe,
    0xf, 0xff, 0xe0, 0x0, 0x0, 0x0, 0xff, 0xfe,
    0xf, 0xff, 0xe0, 0x0, 0x0, 0x1, 0xff, 0xfe,
    0xf, 0xff, 0xe0, 0x0, 0x0, 0x6e, 0xff, 0xfe,
    0xf, 0xff, 0xff, 0xff, 0xff, 0xff, 0xff, 0xe6,
    0xf, 0xff, 0xff, 0xff, 0xff, 0xff, 0xfa, 0x10,
    0x6, 0xff, 0xff, 0xff, 0xff, 0xfd, 0x40, 0x0,
    0x4f, 0xff, 0xfc, 0xaa, 0xaa, 0x70, 0x0, 0x0,
    0x6f, 0xff, 0xf0, 0x0, 0x0, 0x0, 0x0, 0x0,
    0xb, 0xff, 0xfb, 0xaa, 0xaa, 0xaa, 0xa9, 0x0,
    0x2, 0xff, 0xff, 0xff, 0xff, 0xff, 0xff, 0x60,
    0x0, 0x8f, 0xff, 0xff, 0xff, 0xff, 0xff, 0xf1,
    0x3, 0xff, 0xff, 0xff, 0xff, 0xff, 0xff, 0xfa,
    0xf, 0xff, 0xfa, 0x0, 0x0, 0x0, 0xff, 0xfe,
    0xf, 0xff, 0xe0, 0x0, 0x0, 0x0, 0xff, 0xfe,
    0xf, 0xff, 0xe0, 0x0, 0x0, 0x7, 0xff, 0xfe,
    0xf, 0xff, 0xf2, 0x0, 0x0, 0x7f, 0xff, 0xfd,
    0xb, 0xff, 0xfd, 0xaa, 0xab, 0xff, 0xff, 0xd2,
    0x1, 0xdf, 0xff, 0xff, 0xff, 0xff, 0xfd, 0x10,
    0x0, 0x2f, 0xff, 0xff, 0xff, 0xff, 0xc1, 0x0,
    0x0, 0x4, 0xff, 0xff, 0xff, 0xfc, 0x0, 0x0,

    /* U+0068 "h" */
    0xff, 0xfe, 0x0, 0x0, 0x0, 0x0, 0x0, 0x0,
    0xff, 0xfe, 0x0, 0x0, 0x0, 0x0, 0x0, 0x0,
    0xff, 0xfe, 0x0, 0x0, 0x0, 0x0, 0x0, 0x0,
    0xff, 0xfe, 0x0, 0x0, 0x0, 0x0, 0x0, 0x0,
    0xff, 0xfe, 0x0, 0x0, 0x0, 0x0, 0x0, 0x0,
    0xff, 0xfe, 0x0, 0x0, 0x0, 0x0, 0x0, 0x0,
    0xff, 0xfe, 0x0, 0x0, 0x0, 0x0, 0x0, 0x0,
    0xff, 0xfe, 0x4d, 0xff, 0xff, 0xff, 0xf3, 0x0,
    0xff, 0xff, 0xff, 0xff, 0xff, 0xff, 0xfe, 0x0,
    0xff, 0xff, 0xff, 0xff, 0xff, 0xff, 0xff, 0xa0,
    0xff, 0xff, 0xca, 0xaa, 0xaa, 0xaf, 0xff, 0xf5,
    0xff, 0xfe, 0x0, 0x0, 0x0, 0x6, 0xff, 0xfd,
    0xff, 0xfe, 0x0, 0x0, 0x0, 0x0, 0xff, 0xfe,
    0xff, 0xfe, 0x0, 0x0, 0x0, 0x0, 0xff, 0xfe,
    0xff, 0xfe, 0x0, 0x0, 0x0, 0x0, 0xff, 0xfe,
    0xff, 0xfe, 0x0, 0x0, 0x0, 0x0, 0xff, 0xfe,
    0xff, 0xfe, 0x0, 0x0, 0x0, 0x0, 0xff, 0xfe,
    0xff, 0xfe, 0x0, 0x0, 0x0, 0x0, 0xff, 0xfe,
    0xff, 0xfe, 0x0, 0x0, 0x0, 0x0, 0xff, 0xfe,
    0xff, 0xfe, 0x0, 0x0, 0x0, 0x0, 0xff, 0xfe,
    0xff, 0xfe, 0x0, 0x0, 0x0, 0x0, 0xff, 0xfe,
    0xff, 0xfe, 0x0, 0x0, 0x0, 0x0, 0xff, 0xfe,
    0xff, 0xfe, 0x0, 0x0, 0x0, 0x0, 0xff, 0xfe,
    0xff, 0xfe, 0x0, 0x0, 0x0, 0x0, 0xff, 0xfe,
    0xff, 0xfe, 0x0, 0x0, 0x0, 0x0, 0xff, 0xfe,

    /* U+0069 "i" */
    0x0, 0x0, 0x0, 0xef, 0xff, 0x0, 0x0, 0x0,
    0x0, 0x0, 0xe, 0xff, 0xf0, 0x0, 0x0, 0x0,
    0x0, 0x0, 0xef, 0xff, 0x0, 0x0, 0x0, 0x0,
    0x0, 0xe, 0xff, 0xf0, 0x0, 0x0, 0x0, 0x0,
    0x0, 0xef, 0xff, 0x0, 0x0, 0x0, 0x0, 0x0,
    0x0, 0x0, 0x0, 0x0, 0x0, 0x0, 0x0, 0x0,
    0x0, 0x0, 0x0, 0x0, 0x0, 0x0, 0x0, 0x0,
    0x0, 0x0, 0x0, 0x0, 0x5, 0xaa, 0xaa, 0xa2,
    0x0, 0x0, 0x0, 0x0, 0x8f, 0xff, 0xff, 0xc0,
    0x0, 0x0, 0x0, 0x8, 0xff, 0xff, 0xff, 0x60,
    0x0, 0x0, 0x0, 0x8f, 0xff, 0xff, 0xff, 0x10,
    0x0, 0x0, 0x0, 0x0, 0x4, 0xff, 0xfb, 0x0,
    0x0, 0x0, 0x0, 0x0, 0xe, 0xff, 0xe0, 0x0,
    0x0, 0x0, 0x0, 0x0, 0xef, 0xfe, 0x0, 0x0,
    0x0, 0x0, 0x0, 0xe, 0xff, 0xe0, 0x0, 0x0,
    0x0, 0x0, 0x0, 0xef, 0xfe, 0x0, 0x0, 0x0,
    0x0, 0x0, 0xe, 0xff, 0xe0, 0x0, 0x0, 0x0,
    0x0, 0x0, 0xef, 0xfe, 0x0, 0x0, 0x0, 0x0,
    0x0, 0xe, 0xff, 0xe0, 0x0, 0x0, 0x0, 0x0,
    0x0, 0xef, 0xfe, 0x0, 0x0, 0x0, 0x0, 0x0,
    0xe, 0xff, 0xe0, 0x0, 0x0, 0x0, 0x0, 0x0,
    0xef, 0xfe, 0x0, 0x0, 0xa, 0xaa, 0xaa, 0xaf,
    0xff, 0xfa, 0xaa, 0xaa, 0xff, 0xff, 0xff, 0xff,
    0xff, 0xff, 0xff, 0xff, 0xff, 0xff, 0xff, 0xff,
    0xff, 0xff, 0xff, 0xff, 0xff, 0xff, 0xff, 0xff,
    0xff, 0xff, 0xf0,

    /* U+006A "j" */
    0x0, 0x0, 0xff, 0xfe, 0x0, 0x0, 0x0, 0xff,
    0xfe, 0x0, 0x0, 0x0, 0xff, 0xfe, 0x0, 0x0,
    0x0, 0xff, 0xfe, 0x0, 0x0, 0x0, 0xff, 0xfe,
    0x0, 0x0, 0x0, 0x0, 0x0, 0x0, 0x0, 0x0,
    0x0, 0x0, 0x0, 0x0, 0x0, 0x0, 0x0, 0x0,
    0x0, 0x0, 0x0, 0x0, 0x0, 0x2, 0xff, 0xff,
    0xff, 0xff, 0x2, 0xff, 0xff, 0xff, 0xff, 0x2,
    0xff, 0xff, 0xff, 0xff, 0x1, 0xaa, 0xaa, 0xff,
    0xff, 0x0, 0x0, 0x0, 0xef, 0xff, 0x0, 0x0,
    0x0, 0xef, 0xff, 0x0, 0x0, 0x0, 0xef, 0xff,
    0x0, 0x0, 0x0, 0xef, 0xff, 0x0, 0x0, 0x0,
    0xef, 0xff, 0x0, 0x0, 0x0, 0xef, 0xff, 0x0,
    0x0, 0x0, 0xef, 0xff, 0x0, 0x0, 0x0, 0xef,
    0xff, 0x0, 0x0, 0x0, 0xef, 0xff, 0x0, 0x0,
    0x0, 0xef, 0xff, 0x0, 0x0, 0x0, 0xef, 0xff,
    0x0, 0x0, 0x6, 0xff, 0xff, 0x0, 0x0, 0x4f,
    0xff, 0xf9, 0x0, 0x3, 0xff, 0xff, 0xa0, 0xaa,
    0xae, 0xff, 0xfb, 0x0, 0xff, 0xff, 0xff, 0xc0,
    0x0, 0xff, 0xff, 0xfd, 0x10, 0x0, 0xff, 0xff,
    0xd1, 0x0, 0x0,

    /* U+006B "k" */
    0xff, 0xfe, 0x0, 0x0, 0x0, 0x0, 0x0, 0x0,
    0xff, 0xfe, 0x0, 0x0, 0x0, 0x0, 0x0, 0x0,
    0xff, 0xfe, 0x0, 0x0, 0x0, 0x0, 0x0, 0x0,
    0xff, 0xfe, 0x0, 0x0, 0x0, 0x0, 0x0, 0x0,
    0xff, 0xfe, 0x0, 0x0, 0x0, 0x0, 0x0, 0x0,
    0xff, 0xfe, 0x0, 0x0, 0x7, 0xff, 0xff, 0xa0,
    0xff, 0xfe, 0x0, 0x0, 0x7f, 0xff, 0xfb, 0x0,
    0xff, 0xfe, 0x0, 0x7, 0xff, 0xff, 0xb0, 0x0,
    0xff, 0xfe, 0x0, 0x7f, 0xff, 0xfb, 0x0, 0x0,
    0xff, 0xfe, 0x7, 0xff, 0xff, 0xb0, 0x0, 0x0,
    0xff, 0xfe, 0x7f, 0xff, 0xfb, 0x0, 0x0, 0x0,
    0xff, 0xff, 0xff, 0xff, 0xfd, 0x0, 0x0, 0x0,
    0xff, 0xff, 0xff, 0xff, 0xff, 0x90, 0x0, 0x0,
    0xff, 0xff, 0xff, 0xdf, 0xff, 0xf4, 0x0, 0x0,
    0xff, 0xff, 0xfb, 0x9, 0xff, 0xfe, 0x0, 0x0,
    0xff, 0xff, 0xb0, 0x0, 0xdf, 0xff, 0x90, 0x0,
    0xff, 0xfe, 0x0, 0x0, 0x3f, 0xff, 0xf4, 0x0,
    0xff, 0xfe, 0x0, 0x0, 0x7, 0xff, 0xfe, 0x10,
    0xff, 0xfe, 0x0, 0x0, 0x0, 0xcf, 0xff, 0xa0,
    0xff, 0xfe, 0x0, 0x0, 0x0, 0x2f, 0xff, 0xf5,
    0xff, 0xfe, 0x0, 0x0, 0x0, 0x5, 0xff, 0xfd,
    0xff, 0xfe, 0x0, 0x0, 0x0, 0x0, 0xff, 0xfe,
    0xff, 0xfe, 0x0, 0x0, 0x0, 0x0, 0xff, 0xfe,
    0xff, 0xfe, 0x0, 0x0, 0x0, 0x0, 0xff, 0xfe,

    /* U+006C "l" */
    0xaa, 0xaa, 0xa3, 0x0, 0x0, 0x0, 0x0, 0xff,
    0xff, 0xff, 0xa1, 0x0, 0x0, 0x0, 0xff, 0xff,
    0xff, 0xfd, 0x0, 0x0, 0x0, 0xff, 0xff, 0xff,
    0xfe, 0x0, 0x0, 0x0, 0x0, 0x0, 0xff, 0xfe,
    0x0, 0x0, 0x0, 0x0, 0x0, 0xff, 0xfe, 0x0,
    0x0, 0x0, 0x0, 0x0, 0xff, 0xfe, 0x0, 0x0,
    0x0, 0x0, 0x0, 0xff, 0xfe, 0x0, 0x0, 0x0,
    0x0, 0x0, 0xff, 0xfe, 0x0, 0x0, 0x0, 0x0,
    0x0, 0xff, 0xfe, 0x0, 0x0, 0x0, 0x0, 0x0,
    0xff, 0xfe, 0x0, 0x0, 0x0, 0x0, 0x0, 0xff,
    0xfe, 0x0, 0x0, 0x0, 0x0, 0x0, 0xff, 0xfe,
    0x0, 0x0, 0x0, 0x0, 0x0, 0xff, 0xfe, 0x0,
    0x0, 0x0, 0x0, 0x0, 0xff, 0xfe, 0x0, 0x0,
    0x0, 0x0, 0x0, 0xff, 0xfe, 0x0, 0x0, 0x0,
    0x0, 0x0, 0xff, 0xfe, 0x0, 0x0, 0x0, 0x0,
    0x0, 0xff, 0xfe, 0x0, 0x0, 0x0, 0x0, 0x0,
    0xff, 0xfe, 0x0, 0x0, 0x0, 0x0, 0x0, 0xff,
    0xfe, 0x0, 0x0, 0x0, 0x0, 0x0, 0xff, 0xff,
    0x30, 0x0, 0x0, 0x0, 0x0, 0x7f, 0xff, 0xea,
    0xaa, 0xaa, 0x0, 0x0, 0xc, 0xff, 0xff, 0xff,
    0xff, 0x0, 0x0, 0x2, 0xff, 0xff, 0xff, 0xff,
    0x0, 0x0, 0x0, 0x6f, 0xff, 0xff, 0xff,

    /* U+006D "m" */
    0xff, 0xfe, 0x5f, 0xf7, 0x0, 0x5e, 0xf9, 0x0,
    0xf, 0xff, 0xff, 0xff, 0xf3, 0xaf, 0xff, 0xf3,
    0x0, 0xff, 0xff, 0xff, 0xff, 0xff, 0xff, 0xff,
    0xd0, 0xf, 0xff, 0xfc, 0xdf, 0xff, 0xfc, 0xdf,
    0xff, 0x80, 0xff, 0xfe, 0x3, 0xff, 0xff, 0x1,
    0xff, 0xff, 0x1f, 0xff, 0xe0, 0xe, 0xff, 0xf0,
    0xc, 0xff, 0xf2, 0xff, 0xfe, 0x0, 0xef, 0xff,
    0x0, 0xcf, 0xff, 0x2f, 0xff, 0xe0, 0xe, 0xff,
    0xf0, 0xc, 0xff, 0xf2, 0xff, 0xfe, 0x0, 0xef,
    0xff, 0x0, 0xcf, 0xff, 0x2f, 0xff, 0xe0, 0x0,
    0x0, 0x0, 0xc, 0xff, 0xf2, 0xff, 0xfe, 0x0,
    0x0, 0x0, 0x0, 0xcf, 0xff, 0x2f, 0xff, 0xe0,
    0x0, 0x0, 0x0, 0xc, 0xff, 0xf2, 0xff, 0xfe,
    0x0, 0x0, 0x0, 0x0, 0xcf, 0xff, 0x2f, 0xff,
    0xe0, 0x0, 0x0, 0x0, 0xc, 0xff, 0xf2, 0xff,
    0xfe, 0x0, 0x0, 0x0, 0x0, 0xcf, 0xff, 0x2f,
    0xff, 0xe0, 0x0, 0x0, 0x0, 0xc, 0xff, 0xf2,
    0xff, 0xfe, 0x0, 0x0, 0x0, 0x0, 0xcf, 0xff,
    0x2f, 0xff, 0xe0, 0x0, 0x0, 0x0, 0xc, 0xff,
    0xf2,

    /* U+006E "n" */
    0xff, 0xfe, 0x4d, 0xff, 0xff, 0xff, 0xf5, 0x0,
    0xff, 0xff, 0xff, 0xff, 0xff, 0xff, 0xfe, 0x10,
    0xff, 0xff, 0xff, 0xff, 0xff, 0xff, 0xff, 0xa0,
    0xff, 0xff, 0xca, 0xaa, 0xaa, 0xaf, 0xff, 0xf5,
    0xff, 0xfe, 0x0, 0x0, 0x0, 0x6, 0xff, 0xfd,
    0xff, 0xfe, 0x0, 0x0, 0x0, 0x0, 0xff, 0xfe,
    0xff, 0xfe, 0x0, 0x0, 0x0, 0x0, 0xff, 0xfe,
    0xff, 0xfe, 0x0, 0x0, 0x0, 0x0, 0xff, 0xfe,
    0xff, 0xfe, 0x0, 0x0, 0x0, 0x0, 0xff, 0xfe,
    0xff, 0xfe, 0x0, 0x0, 0x0, 0x0, 0xff, 0xfe,
    0xff, 0xfe, 0x0, 0x0, 0x0, 0x0, 0xff, 0xfe,
    0xff, 0xfe, 0x0, 0x0, 0x0, 0x0, 0xff, 0xfe,
    0xff, 0xfe, 0x0, 0x0, 0x0, 0x0, 0xff, 0xfe,
    0xff, 0xfe, 0x0, 0x0, 0x0, 0x0, 0xff, 0xfe,
    0xff, 0xfe, 0x0, 0x0, 0x0, 0x0, 0xff, 0xfe,
    0xff, 0xfe, 0x0, 0x0, 0x0, 0x0, 0xff, 0xfe,
    0xff, 0xfe, 0x0, 0x0, 0x0, 0x0, 0xff, 0xfe,
    0xff, 0xfe, 0x0, 0x0, 0x0, 0x0, 0xff, 0xfe,

    /* U+006F "o" */
    0x0, 0x8f, 0xff, 0xff, 0xff, 0xff, 0x70, 0x0,
    0x7f, 0xff, 0xff, 0xff, 0xff, 0xff, 0x20, 0x6f,
    0xff, 0xff, 0xff, 0xff, 0xff, 0xfc, 0xf, 0xff,
    0xfc, 0xaa, 0xaa, 0xae, 0xff, 0xf6, 0xff, 0xfe,
    0x0, 0x0, 0x0, 0x3f, 0xff, 0xff, 0xff, 0xe0,
    0x0, 0x0, 0x0, 0xef, 0xff, 0xff, 0xfe, 0x0,
    0x0, 0x0, 0xe, 0xff, 0xff, 0xff, 0xe0, 0x0,
    0x0, 0x0, 0xef, 0xff, 0xff, 0xfe, 0x0, 0x0,
    0x0, 0xe, 0xff, 0xff, 0xff, 0xe0, 0x0, 0x0,
    0x0, 0xef, 0xff, 0xff, 0xfe, 0x0, 0x0, 0x0,
    0xe, 0xff, 0xff, 0xff, 0xe0, 0x0, 0x0, 0x0,
    0xef, 0xff, 0xff, 0xfe, 0x0, 0x0, 0x0, 0xe,
    0xff, 0xff, 0xff, 0xf3, 0x0, 0x0, 0x0, 0xef,
    0xff, 0x6f, 0xff, 0xea, 0xaa, 0xaa, 0xcf, 0xff,
    0xf0, 0xbf, 0xff, 0xff, 0xff, 0xff, 0xff, 0xf7,
    0x2, 0xff, 0xff, 0xff, 0xff, 0xff, 0xf8, 0x0,
    0x6, 0xff, 0xff, 0xff, 0xff, 0xf8, 0x0,

    /* U+0070 "p" */
    0xff, 0xfe, 0x5e, 0xff, 0xff, 0xff, 0x80, 0xf,
    0xff, 0xff, 0xff, 0xff, 0xff, 0xff, 0x20, 0xff,
    0xff, 0xff, 0xff, 0xff, 0xff, 0xfc, 0xf, 0xff,
    0xfc, 0xaa, 0xaa, 0xae, 0xff, 0xf7, 0xff, 0xfe,
    0x0, 0x0, 0x0, 0x3f, 0xff, 0xff, 0xff, 0xe0,
    0x0, 0x0, 0x0, 0xef, 0xff, 0xff, 0xfe, 0x0,
    0x0, 0x0, 0xe, 0xff, 0xff, 0xff, 0xe0, 0x0,
    0x0, 0x0, 0xef, 0xff, 0xff, 0xfe, 0x0, 0x0,
    0x0, 0xe, 0xff, 0xff, 0xff, 0xe0, 0x0, 0x0,
    0x0, 0xef, 0xff, 0xff, 0xfe, 0x0, 0x0, 0x0,
    0xe, 0xff, 0xff, 0xff, 0xe0, 0x0, 0x0, 0x0,
    0xef, 0xff, 0xff, 0xfe, 0x0, 0x0, 0x0, 0xe,
    0xff, 0xff, 0xff, 0xf3, 0x0, 0x0, 0x0, 0xef,
    0xff, 0xff, 0xff, 0xea, 0xaa, 0xaa, 0xcf, 0xff,
    0xff, 0xff, 0xff, 0xff, 0xff, 0xff, 0xff, 0xf6,
    0xff, 0xff, 0xff, 0xff, 0xff, 0xff, 0xf7, 0xf,
    0xff, 0xe5, 0xef, 0xff, 0xff, 0xf8, 0x0, 0xff,
    0xfe, 0x0, 0x0, 0x0, 0x0, 0x0, 0xf, 0xff,
    0xe0, 0x0, 0x0, 0x0, 0x0, 0x0, 0xff, 0xfe,
    0x0, 0x0, 0x0, 0x0, 0x0, 0xf, 0xff, 0xe0,
    0x0, 0x0, 0x0, 0x0, 0x0, 0xff, 0xfe, 0x0,
    0x0, 0x0, 0x0, 0x0, 0xf, 0xff, 0xe0, 0x0,
    0x0, 0x0, 0x0, 0x0, 0xff, 0xfe, 0x0, 0x0,
    0x0, 0x0, 0x0, 0x0,

    /* U+0071 "q" */
    0x0, 0x8f, 0xff, 0xff, 0xfe, 0x5e, 0xff, 0xf0,
    0x7f, 0xff, 0xff, 0xff, 0xff, 0xff, 0xff, 0x7f,
    0xff, 0xff, 0xff, 0xff, 0xff, 0xff, 0xff, 0xff,
    0xfc, 0xaa, 0xaa, 0xae, 0xff, 0xff, 0xff, 0xfe,
    0x0, 0x0, 0x0, 0x3f, 0xff, 0xff, 0xff, 0xe0,
    0x0, 0x0, 0x0, 0xef, 0xff, 0xff, 0xfe, 0x0,
    0x0, 0x0, 0xe, 0xff, 0xff, 0xff, 0xe0, 0x0,
    0x0, 0x0, 0xef, 0xff, 0xff, 0xfe, 0x0, 0x0,
    0x0, 0xe, 0xff, 0xff, 0xff, 0xe0, 0x0, 0x0,
    0x0, 0xef, 0xff, 0xff, 0xfe, 0x0, 0x0, 0x0,
    0xe, 0xff, 0xff, 0xff, 0xe0, 0x0, 0x0, 0x0,
    0xef, 0xff, 0xff, 0xfe, 0x0, 0x0, 0x0, 0xe,
    0xff, 0xff, 0xff, 0xf3, 0x0, 0x0, 0x0, 0xef,
    0xff, 0x6f, 0xff, 0xea, 0xaa, 0xaa, 0xcf, 0xff,
    0xf0, 0xcf, 0xff, 0xff, 0xff, 0xff, 0xff, 0xff,
    0x2, 0xff, 0xff, 0xff, 0xff, 0xff, 0xff, 0xf0,
    0x7, 0xff, 0xff, 0xff, 0xe5, 0xef, 0xff, 0x0,
    0x0, 0x0, 0x0, 0x0, 0xe, 0xff, 0xf0, 0x0,
    0x0, 0x0, 0x0, 0x0, 0xef, 0xff, 0x0, 0x0,
    0x0, 0x0, 0x0, 0xe, 0xff, 0xf0, 0x0, 0x0,
    0x0, 0x0, 0x0, 0xef, 0xff, 0x0, 0x0, 0x0,
    0x0, 0x0, 0xe, 0xff, 0xf0, 0x0, 0x0, 0x0,
    0x0, 0x0, 0xef, 0xff, 0x0, 0x0, 0x0, 0x0,
    0x0, 0xe, 0xff, 0xf0,

    /* U+0072 "r" */
    0xff, 0xc3, 0x1, 0xef, 0xff, 0xff, 0xff, 0x80,
    0xf, 0xff, 0xf9, 0xdf, 0xff, 0xff, 0xff, 0xff,
    0x30, 0xff, 0xff, 0xff, 0xff, 0xff, 0xff, 0xff,
    0xfd, 0xa, 0xae, 0xff, 0xff, 0xfa, 0xaa, 0xad,
    0xff, 0xe2, 0x0, 0x3f, 0xff, 0xf4, 0x0, 0x0,
    0x2f, 0xa0, 0x0, 0x0, 0xef, 0xff, 0x0, 0x0,
    0x0, 0x20, 0x0, 0x0, 0xe, 0xff, 0xf0, 0x0,
    0x0, 0x0, 0x0, 0x0, 0x0, 0xef, 0xff, 0x0,
    0x0, 0x0, 0x0, 0x0, 0x0, 0xe, 0xff, 0xf0,
    0x0, 0x0, 0x0, 0x0, 0x0, 0x0, 0xef, 0xff,
    0x0, 0x0, 0x0, 0x0, 0x0, 0x0, 0xe, 0xff,
    0xf0, 0x0, 0x0, 0x0, 0x0, 0x0, 0x0, 0xef,
    0xff, 0x0, 0x0, 0x0, 0x0, 0x0, 0x0, 0xe,
    0xff, 0xf0, 0x0, 0x0, 0x0, 0x0, 0x0, 0x0,
    0xef, 0xff, 0x0, 0x0, 0x0, 0x0, 0x0, 0xaa,
    0xaf, 0xff, 0xfa, 0xaa, 0xaa, 0x0, 0x0, 0xf,
    0xff, 0xff, 0xff, 0xff, 0xff, 0xf0, 0x0, 0x0,
    0xff, 0xff, 0xff, 0xff, 0xff, 0xff, 0x0, 0x0,
    0xf, 0xff, 0xff, 0xff, 0xff, 0xff, 0xf0, 0x0,
    0x0,

    /* U+0073 "s" */
    0x0, 0xa, 0xff, 0xff, 0xff, 0xff, 0xfa, 0x0,
    0x0, 0xaf, 0xff, 0xff, 0xff, 0xff, 0xff, 0x40,
    0xa, 0xff, 0xff, 0xff, 0xff, 0xff, 0xff, 0xe0,
    0xf, 0xff, 0xfb, 0xaa, 0xaa, 0xac, 0xff, 0xf3,
    0xf, 0xff, 0xe0, 0x0, 0x0, 0x1, 0xef, 0x50,
    0xf, 0xff, 0xe0, 0x0, 0x0, 0x0, 0x46, 0x0,
    0xe, 0xff, 0xf7, 0x0, 0x0, 0x0, 0x0, 0x0,
    0x4, 0xff, 0xff, 0xff, 0xff, 0xff, 0xfb, 0x0,
    0x0, 0xaf, 0xff, 0xff, 0xff, 0xff, 0xff, 0x50,
    0x0, 0x1e, 0xff, 0xff, 0xff, 0xff, 0xff, 0xe1,
    0x0, 0x4, 0xaa, 0xaa, 0xaa, 0xad, 0xff, 0xfa,
    0x0, 0x0, 0x0, 0x0, 0x0, 0x1, 0xff, 0xfe,
    0x0, 0x0, 0x0, 0x0, 0x0, 0x0, 0xff, 0xfe,
    0x0, 0x6c, 0x0, 0x0, 0x0, 0x0, 0xff, 0xfe,
    0x6, 0xff, 0xca, 0xaa, 0xaa, 0xab, 0xff, 0xfe,
    0xf, 0xff, 0xff, 0xff, 0xff, 0xff, 0xff, 0xf8,
    0x6, 0xff, 0xff, 0xff, 0xff, 0xff, 0xff, 0xa0,
    0x0, 0xcf, 0xff, 0xff, 0xff, 0xff, 0xfc, 0x0,

    /* U+0074 "t" */
    0x0, 0x78, 0x88, 0x0, 0x0, 0x0, 0x0, 0x0,
    0xe, 0xff, 0xf0, 0x0, 0x0, 0x0, 0x0, 0x0,
    0xef, 0xff, 0x0, 0x0, 0x0, 0x0, 0x0, 0xe,
    0xff, 0xf0, 0x0, 0x0, 0x0, 0x0, 0x0, 0xef,
    0xff, 0x0, 0x0, 0x0, 0x0, 0x0, 0xe, 0xff,
    0xf0, 0x0, 0x0, 0x0, 0x0, 0x0, 0xef, 0xff,
    0x0, 0x0, 0x0, 0x0, 0xf, 0xff, 0xff, 0xff,
    0xff, 0xff, 0xf0, 0x0, 0xff, 0xff, 0xff, 0xff,
    0xff, 0xff, 0x0, 0xf, 0xff, 0xff, 0xff, 0xff,
    0xff, 0xf0, 0x0, 0xaa, 0xff, 0xff, 0xaa, 0xaa,
    0xaa, 0x0, 0x0, 0xe, 0xff, 0xf0, 0x0, 0x0,
    0x0, 0x0, 0x0, 0xef, 0xff, 0x0, 0x0, 0x0,
    0x0, 0x0, 0xe, 0xff, 0xf0, 0x0, 0x0, 0x0,
    0x0, 0x0, 0xef, 0xff, 0x0, 0x0, 0x0, 0x0,
    0x0, 0xe, 0xff, 0xf0, 0x0, 0x0, 0x0, 0x0,
    0x0, 0xef, 0xff, 0x0, 0x0, 0x0, 0x0, 0x0,
    0xe, 0xff, 0xf0, 0x0, 0x0, 0x0, 0x0, 0x0,
    0xef, 0xff, 0x0, 0x0, 0x0, 0x0, 0x0, 0xe,
    0xff, 0xf0, 0x0, 0x0, 0x1b, 0x10, 0x0, 0xdf,
    0xff, 0x60, 0x0, 0x1d, 0xfa, 0x0, 0x5, 0xff,
    0xff, 0xaa, 0xae, 0xff, 0xf5, 0x0, 0xa, 0xff,
    0xff, 0xff, 0xff, 0xff, 0x50, 0x0, 0x1e, 0xff,
    0xff, 0xff, 0xff, 0x60, 0x0, 0x0, 0x5f, 0xff,
    0xff, 0xff, 0x70, 0x0,

    /* U+0075 "u" */
    0xff, 0xfe, 0x0, 0x0, 0x0, 0xe, 0xff, 0xff,
    0xff, 0xe0, 0x0, 0x0, 0x0, 0xef, 0xff, 0xff,
    0xfe, 0x0, 0x0, 0x0, 0xe, 0xff, 0xff, 0xff,
    0xe0, 0x0, 0x0, 0x0, 0xef, 0xff, 0xff, 0xfe,
    0x0, 0x0, 0x0, 0xe, 0xff, 0xff, 0xff, 0xe0,
    0x0, 0x0, 0x0, 0xef, 0xff, 0xff, 0xfe, 0x0,
    0x0, 0x0, 0xe, 0xff, 0xff, 0xff, 0xe0, 0x0,
    0x0, 0x0, 0xef, 0xff, 0xff, 0xfe, 0x0, 0x0,
    0x0, 0xe, 0xff, 0xff, 0xff, 0xe0, 0x0, 0x0,
    0x0, 0xef, 0xff, 0xff, 0xfe, 0x0, 0x0, 0x0,
    0xe, 0xff, 0xff, 0xff, 0xe0, 0x0, 0x0, 0x0,
    0xef, 0xff, 0xff, 0xfe, 0x0, 0x0, 0x0, 0xe,
    0xff, 0xff, 0xff, 0xf3, 0x0, 0x0, 0x0, 0xef,
    0xff, 0x6f, 0xff, 0xea, 0xaa, 0xaa, 0xcf, 0xff,
    0xf0, 0xcf, 0xff, 0xff, 0xff, 0xff, 0xff, 0xff,
    0x2, 0xff, 0xff, 0xff, 0xff, 0xff, 0xff, 0xf0,
    0x6, 0xff, 0xff, 0xff, 0xe5, 0xdf, 0xff,

    /* U+0076 "v" */
    0xff, 0xfe, 0x0, 0x0, 0x0, 0x0, 0xff, 0xfe,
    0xff, 0xfe, 0x0, 0x0, 0x0, 0x0, 0xff, 0xfe,
    0xff, 0xfe, 0x0, 0x0, 0x0, 0x0, 0xff, 0xfe,
    0xff, 0xfe, 0x0, 0x0, 0x0, 0x0, 0xff, 0xfe,
    0xff, 0xfe, 0x0, 0x0, 0x0, 0x0, 0xff, 0xfe,
    0xff, 0xfe, 0x0, 0x0, 0x0, 0x0, 0xff, 0xfe,
    0xff, 0xfe, 0x0, 0x0, 0x0, 0x0, 0xff, 0xfe,
    0xff, 0xfe, 0x0, 0x0, 0x0, 0x0, 0xff, 0xfe,
    0xff, 0xfe, 0x0, 0x0, 0x0, 0x0, 0xff, 0xfe,
    0xff, 0xff, 0x10, 0x0, 0x0, 0x7, 0xff, 0xfe,
    0xbf, 0xff, 0xb0, 0x0, 0x0, 0x7f, 0xff, 0xf9,
    0x1e, 0xff, 0xf6, 0x0, 0x7, 0xff, 0xff, 0xa0,
    0x5, 0xff, 0xff, 0x20, 0x7f, 0xff, 0xfa, 0x0,
    0x0, 0xbf, 0xff, 0xc7, 0xff, 0xff, 0xa0, 0x0,
    0x0, 0x1e, 0xff, 0xff, 0xff, 0xfb, 0x0, 0x0,
    0x0, 0x5, 0xff, 0xff, 0xff, 0xb0, 0x0, 0x0,
    0x0, 0x0, 0xaf, 0xff, 0xfb, 0x0, 0x0, 0x0,
    0x0, 0x0, 0x1e, 0xff, 0xc0, 0x0, 0x0, 0x0,

    /* U+0077 "w" */
    0xff, 0xfe, 0x0, 0xf, 0xff, 0xe0, 0x0, 0xef,
    0xff, 0xff, 0xfe, 0x0, 0xf, 0xff, 0xe0, 0x0,
    0xef, 0xff, 0xff, 0xfe, 0x0, 0xf, 0xff, 0xe0,
    0x0, 0xef, 0xff, 0xff, 0xfe, 0x0, 0xf, 0xff,
    0xe0, 0x0, 0xef, 0xff, 0xff, 0xfe, 0x0, 0xf,
    0xff, 0xe0, 0x0, 0xef, 0xff, 0xff, 0xfe, 0x0,
    0xf, 0xff, 0xe0, 0x0, 0xef, 0xff, 0xff, 0xfe,
    0x0, 0xf, 0xff, 0xe0, 0x0, 0xef, 0xff, 0xff,
    0xfe, 0x0, 0xf, 0xff, 0xe0, 0x0, 0xef, 0xff,
    0xff, 0xfe, 0x0, 0xf, 0xff, 0xe0, 0x0, 0xef,
    0xff, 0xff, 0xfe, 0x0, 0xf, 0xff, 0xe0, 0x0,
    0xef, 0xff, 0xff, 0xfe, 0x0, 0xf, 0xff, 0xe0,
    0x0, 0xef, 0xff, 0xcf, 0xff, 0x90, 0xf, 0xff,
    0xe0, 0x6, 0xff, 0xff, 0x2f, 0xff, 0xf5, 0x1f,
    0xff, 0xf4, 0x5f, 0xff, 0xff, 0x7, 0xff, 0xfe,
    0xdf, 0xff, 0xfe, 0xff, 0xff, 0xf6, 0x0, 0xcf,
    0xff, 0xff, 0xff, 0xff, 0xff, 0xff, 0x70, 0x0,
    0x2f, 0xff, 0xff, 0xff, 0xff, 0xff, 0xf8, 0x0,
    0x0, 0x7, 0xff, 0xff, 0xc9, 0xff, 0xff, 0x90,
    0x0, 0x0, 0x0, 0xcf, 0xfc, 0x11, 0xef, 0xfa,
    0x0, 0x0,

    /* U+0078 "x" */
    0xff, 0xfe, 0x0, 0x0, 0x0, 0x0, 0xff, 0xfe,
    0xff, 0xfe, 0x0, 0x0, 0x0, 0x0, 0xff, 0xfe,
    0xff, 0xfe, 0x0, 0x0, 0x0, 0x0, 0xff, 0xfe,
    0xff, 0xfe, 0x0, 0x0, 0x0, 0x3, 0xff, 0xfe,
    0xff, 0xfe, 0x0, 0x0, 0x0, 0x3f, 0xff, 0xfc,
    0xdf, 0xff, 0x70, 0x0, 0x3, 0xff, 0xff, 0xe1,
    0x4f, 0xff, 0xf2, 0x0, 0x2e, 0xff, 0xfe, 0x20,
    0xa, 0xff, 0xff, 0xff, 0xff, 0xff, 0xf2, 0x0,
    0x1, 0xef, 0xff, 0xff, 0xff, 0xff, 0xf5, 0x0,
    0x0, 0x6f, 0xff, 0xff, 0xff, 0xff, 0xfe, 0x10,
    0x0, 0x9f, 0xff, 0xfb, 0xaa, 0xdf, 0xff, 0xb0,
    0x8, 0xff, 0xff, 0x80, 0x0, 0x1e, 0xff, 0xf5,
    0x8f, 0xff, 0xf8, 0x0, 0x0, 0x5, 0xff, 0xfd,
    0xff, 0xff, 0x80, 0x0, 0x0, 0x0, 0xff, 0xfe,
    0xff, 0xfe, 0x0, 0x0, 0x0, 0x0, 0xff, 0xfe,
    0xff, 0xfe, 0x0, 0x0, 0x0, 0x0, 0xff, 0xfe,
    0xff, 0xfe, 0x0, 0x0, 0x0, 0x0, 0xff, 0xfe,
    0xff, 0xfe, 0x0, 0x0, 0x0, 0x0, 0xff, 0xfe,

    /* U+0079 "y" */
    0xff, 0xfe, 0x0, 0x0, 0x0, 0xe, 0xff, 0xff,
    0xff, 0xe0, 0x0, 0x0, 0x0, 0xef, 0xff, 0xff,
    0xfe, 0x0, 0x0, 0x0, 0xe, 0xff, 0xff, 0xff,
    0xe0, 0x0, 0x0, 0x0, 0xef, 0xff, 0xff, 0xfe,
    0x0, 0x0, 0x0, 0xe, 0xff, 0xff, 0xff, 0xe0,
    0x0, 0x0, 0x0, 0xef, 0xff, 0xff, 0xfe, 0x0,
    0x0, 0x0, 0xe, 0xff, 0xff, 0xff, 0xe0, 0x0,
    0x0, 0x0, 0xef, 0xff, 0xff, 0xfe, 0x0, 0x0,
    0x0, 0xe, 0xff, 0xff, 0xff, 0xe0, 0x0, 0x0,
    0x0, 0xef, 0xff, 0xff, 0xfe, 0x0, 0x0, 0x0,
    0xe, 0xff, 0xff, 0xff, 0xe0, 0x0, 0x0, 0x0,
    0xef, 0xff, 0xff, 0xff, 0x30, 0x0, 0x0, 0xe,
    0xff, 0xf8, 0xff, 0xfc, 0x0, 0x0, 0x0, 0xef,
    0xff, 0xd, 0xff, 0xfb, 0xaa, 0xaa, 0xaf, 0xff,
    0xf0, 0x3f, 0xff, 0xff, 0xff, 0xff, 0xff, 0xff,
    0x0, 0x8f, 0xff, 0xff, 0xff, 0xff, 0xff, 0xf0,
    0x0, 0xdf, 0xff, 0xff, 0xff, 0xff, 0xff, 0x0,
    0x0, 0x0, 0x0, 0x0, 0x5f, 0xff, 0xf0, 0x0,
    0x0, 0x0, 0x0, 0x4f, 0xff, 0xfa, 0x0, 0x0,
    0x0, 0x0, 0x3f, 0xff, 0xfb, 0xa, 0xaa, 0xaa,
    0xaa, 0xaf, 0xff, 0xfc, 0x0, 0xff, 0xff, 0xff,
    0xff, 0xff, 0xfc, 0x0, 0xf, 0xff, 0xff, 0xff,
    0xff, 0xfd, 0x10, 0x0, 0xff, 0xff, 0xff, 0xff,
    0xfe, 0x10, 0x0, 0x0,

    /* U+007A "z" */
    0xff, 0xff, 0xff, 0xff, 0xff, 0xff, 0xff, 0xff,
    0xff, 0xff, 0xff, 0xff, 0xff, 0xff, 0xff, 0xff,
    0xff, 0xff, 0xff, 0xff, 0xff, 0xff, 0xfa, 0xaa,
    0xaa, 0xaa, 0xaa, 0xae, 0xff, 0xfb, 0x0, 0x0,
    0x0, 0x0, 0x5, 0xff, 0xfc, 0x0, 0x0, 0x0,
    0x0, 0x4, 0xff, 0xfc, 0x0, 0x0, 0x0, 0x0,
    0x4, 0xff, 0xfd, 0x10, 0x0, 0x0, 0x0, 0x3,
    0xff, 0xfd, 0x10, 0x0, 0x0, 0x0, 0x2, 0xef,
    0xfe, 0x20, 0x0, 0x0, 0x0, 0x2, 0xef, 0xfe,
    0x20, 0x0, 0x0, 0x0, 0x1, 0xef, 0xfe, 0x30,
    0x0, 0x0, 0x0, 0x1, 0xdf, 0xff, 0x30, 0x0,
    0x0, 0x0, 0x1, 0xdf, 0xff, 0x40, 0x0, 0x0,
    0x0, 0x0, 0xcf, 0xff, 0x40, 0x0, 0x0, 0x0,
    0x0, 0xbf, 0xff, 0xea, 0xaa, 0xaa, 0xaa, 0xaa,
    0xaf, 0xff, 0xff, 0xff, 0xff, 0xff, 0xff, 0xff,
    0xff, 0xff, 0xff, 0xff, 0xff, 0xff, 0xff, 0xff,
    0xff, 0xff, 0xff, 0xff, 0xff, 0xff, 0xff,

    /* U+007B "{" */
    0x0, 0x0, 0x0, 0x3, 0xaa, 0xaa, 0xaa, 0x50,
    0x0, 0x0, 0x3, 0xef, 0xff, 0xff, 0xf8, 0x0,
    0x0, 0x0, 0xef, 0xff, 0xff, 0xff, 0x80, 0x0,
    0x0, 0xf, 0xff, 0xff, 0xff, 0xf8, 0x0, 0x0,
    0x0, 0xff, 0xfe, 0x0, 0x0, 0x0, 0x0, 0x0,
    0xf, 0xff, 0xe0, 0x0, 0x0, 0x0, 0x0, 0x0,
    0xff, 0xfe, 0x0, 0x0, 0x0, 0x0, 0x0, 0xf,
    0xff, 0xe0, 0x0, 0x0, 0x0, 0x0, 0x0, 0xff,
    0xfe, 0x0, 0x0, 0x0, 0x0, 0x0, 0xf, 0xff,
    0xe0, 0x0, 0x0, 0x0, 0x0, 0x2, 0xff, 0xfe,
    0x0, 0x0, 0x0, 0x0, 0x1, 0xef, 0xff, 0xd0,
    0x0, 0x0, 0x0, 0x1, 0xdf, 0xff, 0xe2, 0x0,
    0x0, 0x0, 0x1, 0xdf, 0xff, 0xe2, 0x0, 0x0,
    0x0, 0x0, 0xcf, 0xff, 0xf3, 0x0, 0x0, 0x0,
    0x0, 0xcf, 0xff, 0xf3, 0x0, 0x0, 0x0, 0x0,
    0xaf, 0xff, 0xf5, 0x0, 0x0, 0x0, 0x0, 0x3,
    0xff, 0xff, 0xd1, 0x0, 0x0, 0x0, 0x0, 0x3,
    0xff, 0xff, 0xc0, 0x0, 0x0, 0x0, 0x0, 0x4,
    0xff, 0xff, 0xc0, 0x0, 0x0, 0x0, 0x0, 0x4,
    0xff, 0xff, 0xb0, 0x0, 0x0, 0x0, 0x0, 0x5,
    0xff, 0xff, 0xa0, 0x0, 0x0, 0x0, 0x0, 0x6,
    0xff, 0xfe, 0x0, 0x0, 0x0, 0x0, 0x0, 0xf,
    0xff, 0xe0, 0x0, 0x0, 0x0, 0x0, 0x0, 0xff,
    0xfe, 0x0, 0x0, 0x0, 0x0, 0x0, 0xf, 0xff,
    0xe0, 0x0, 0x0, 0x0, 0x0, 0x0, 0xff, 0xfe,
    0x0, 0x0, 0x0, 0x0, 0x0, 0xf, 0xff, 0xe0,
    0x0, 0x0, 0x0, 0x0, 0x0, 0xff, 0xfe, 0x0,
    0x0, 0x0, 0x0, 0x0, 0xf, 0xff, 0xfa, 0xaa,
    0xa5, 0x0, 0x0, 0x0, 0xff, 0xff, 0xff, 0xff,
    0x80, 0x0, 0x0, 0x7, 0xff, 0xff, 0xff, 0xf8,
    0x0, 0x0, 0x0, 0x8, 0xff, 0xff, 0xff, 0x80,

    /* U+007C "|" */
    0xff, 0xfe, 0xff, 0xfe, 0xff, 0xfe, 0xff, 0xfe,
    0xff, 0xfe, 0xff, 0xfe, 0xff, 0xfe, 0xff, 0xfe,
    0xff, 0xfe, 0xff, 0xfe, 0xff, 0xfe, 0xff, 0xfe,
    0xff, 0xfe, 0xff, 0xfe, 0xff, 0xfe, 0xff, 0xfe,
    0xff, 0xfe, 0xff, 0xfe, 0xff, 0xfe, 0xff, 0xfe,
    0xff, 0xfe, 0xff, 0xfe, 0xff, 0xfe, 0xff, 0xfe,
    0xff, 0xfe, 0xff, 0xfe, 0xff, 0xfe, 0xff, 0xfe,
    0xff, 0xfe, 0xff, 0xfe,

    /* U+007D "}" */
    0x5a, 0xaa, 0xaa, 0xa1, 0x0, 0x0, 0x0, 0x8,
    0xff, 0xff, 0xff, 0xd1, 0x0, 0x0, 0x0, 0x8f,
    0xff, 0xff, 0xff, 0xc0, 0x0, 0x0, 0x8, 0xff,
    0xff, 0xff, 0xfe, 0x0, 0x0, 0x0, 0x0, 0x0,
    0xf, 0xff, 0xe0, 0x0, 0x0, 0x0, 0x0, 0x0,
    0xff, 0xfe, 0x0, 0x0, 0x0, 0x0, 0x0, 0xf,
    0xff, 0xe0, 0x0, 0x0, 0x0, 0x0, 0x0, 0xff,
    0xfe, 0x0, 0x0, 0x0, 0x0, 0x0, 0xf, 0xff,
    0xe0, 0x0, 0x0, 0x0, 0x0, 0x0, 0xff, 0xfe,
    0x0, 0x0, 0x0, 0x0, 0x0, 0xf, 0xff, 0xe1,
    0x0, 0x0, 0x0, 0x0, 0x0, 0xff, 0xff, 0xc1,
    0x0, 0x0, 0x0, 0x0, 0x3, 0xff, 0xff, 0xc0,
    0x0, 0x0, 0x0, 0x0, 0x4, 0xff, 0xff, 0xb0,
    0x0, 0x0, 0x0, 0x0, 0x4, 0xff, 0xff, 0xb0,
    0x0, 0x0, 0x0, 0x0, 0x5, 0xff, 0xff, 0xa0,
    0x0, 0x0, 0x0, 0x0, 0x7, 0xff, 0xff, 0x80,
    0x0, 0x0, 0x0, 0x1, 0xef, 0xff, 0xe1, 0x0,
    0x0, 0x0, 0x1, 0xdf, 0xff, 0xe2, 0x0, 0x0,
    0x0, 0x1, 0xdf, 0xff, 0xe2, 0x0, 0x0, 0x0,
    0x0, 0xcf, 0xff, 0xf3, 0x0, 0x0, 0x0, 0x0,
    0xcf, 0xff, 0xf3, 0x0, 0x0, 0x0, 0x0, 0xf,
    0xff, 0xf4, 0x0, 0x0, 0x0, 0x0, 0x0, 0xff,
    0xfe, 0x0, 0x0, 0x0, 0x0, 0x0, 0xf, 0xff,
    0xe0, 0x0, 0x0, 0x0, 0x0, 0x0, 0xff, 0xfe,
    0x0, 0x0, 0x0, 0x0, 0x0, 0xf, 0xff, 0xe0,
    0x0, 0x0, 0x0, 0x0, 0x0, 0xff, 0xfe, 0x0,
    0x0, 0x0, 0x0, 0x0, 0xf, 0xff, 0xe0, 0x0,
    0x0, 0x5, 0xaa, 0xaa, 0xff, 0xfe, 0x0, 0x0,
    0x0, 0x8f, 0xff, 0xff, 0xff, 0xd0, 0x0, 0x0,
    0x8, 0xff, 0xff, 0xff, 0xf5, 0x0, 0x0, 0x0,
    0x8f, 0xff, 0xff, 0xf5, 0x0, 0x0, 0x0, 0x0,

    /* U+007E "~" */
    0x0, 0x0, 0x6, 0x30, 0x0, 0x0, 0x0, 0x5,
    0x0, 0x0, 0x7, 0xef, 0xfd, 0x71, 0x0, 0x6,
    0xef, 0x30, 0x7, 0xef, 0xff, 0xff, 0xff, 0xb7,
    0xef, 0xff, 0xb0, 0xaf, 0xff, 0xfe, 0xff, 0xff,
    0xff, 0xff, 0xfe, 0x70, 0x3f, 0xfe, 0x60, 0x6,
    0xcf, 0xff, 0xfe, 0x70, 0x0, 0xa, 0x60, 0x0,
    0x0, 0x2, 0x8d, 0x70, 0x0, 0x0
};


/*---------------------
 *  GLYPH DESCRIPTION
 *--------------------*/

static const lv_font_fmt_txt_glyph_dsc_t glyph_dsc[] = {
    {.bitmap_index = 0, .adv_w = 0, .box_w = 0, .box_h = 0, .ofs_x = 0, .ofs_y = 0} /* id = 0 reserved */,
    {.bitmap_index = 0, .adv_w = 307, .box_w = 0, .box_h = 0, .ofs_x = 0, .ofs_y = 0},
    {.bitmap_index = 0, .adv_w = 307, .box_w = 5, .box_h = 25, .ofs_x = 7, .ofs_y = -2},
    {.bitmap_index = 63, .adv_w = 307, .box_w = 11, .box_h = 10, .ofs_x = 4, .ofs_y = 13},
    {.bitmap_index = 118, .adv_w = 307, .box_w = 18, .box_h = 24, .ofs_x = 1, .ofs_y = 0},
    {.bitmap_index = 334, .adv_w = 307, .box_w = 17, .box_h = 31, .ofs_x = 1, .ofs_y = -5},
    {.bitmap_index = 598, .adv_w = 307, .box_w = 20, .box_h = 24, .ofs_x = -1, .ofs_y = -1},
    {.bitmap_index = 838, .adv_w = 307, .box_w = 19, .box_h = 24, .ofs_x = 0, .ofs_y = 0},
    {.bitmap_index = 1066, .adv_w = 307, .box_w = 4, .box_h = 10, .ofs_x = 8, .ofs_y = 13},
    {.bitmap_index = 1086, .adv_w = 307, .box_w = 13, .box_h = 37, .ofs_x = 4, .ofs_y = -9},
    {.bitmap_index = 1327, .adv_w = 307, .box_w = 13, .box_h = 37, .ofs_x = 3, .ofs_y = -9},
    {.bitmap_index = 1568, .adv_w = 307, .box_w = 15, .box_h = 14, .ofs_x = 2, .ofs_y = 4},
    {.bitmap_index = 1673, .adv_w = 307, .box_w = 14, .box_h = 14, .ofs_x = 3, .ofs_y = 3},
    {.bitmap_index = 1771, .adv_w = 307, .box_w = 6, .box_h = 14, .ofs_x = 7, .ofs_y = -8},
    {.bitmap_index = 1813, .adv_w = 307, .box_w = 12, .box_h = 4, .ofs_x = 3, .ofs_y = 8},
    {.bitmap_index = 1837, .adv_w = 307, .box_w = 6, .box_h = 6, .ofs_x = 6, .ofs_y = 0},
    {.bitmap_index = 1855, .adv_w = 307, .box_w = 15, .box_h = 34, .ofs_x = 2, .ofs_y = -7},
    {.bitmap_index = 2110, .adv_w = 307, .box_w = 15, .box_h = 24, .ofs_x = 2, .ofs_y = 0},
    {.bitmap_index = 2290, .adv_w = 307, .box_w = 15, .box_h = 24, .ofs_x = 2, .ofs_y = 0},
    {.bitmap_index = 2470, .adv_w = 307, .box_w = 16, .box_h = 24, .ofs_x = 1, .ofs_y = 0},
    {.bitmap_index = 2662, .adv_w = 307, .box_w = 16, .box_h = 24, .ofs_x = 2, .ofs_y = 0},
    {.bitmap_index = 2854, .adv_w = 307, .box_w = 18, .box_h = 24, .ofs_x = 1, .ofs_y = 0},
    {.bitmap_index = 3070, .adv_w = 307, .box_w = 16, .box_h = 24, .ofs_x = 2, .ofs_y = 0},
    {.bitmap_index = 3262, .adv_w = 307, .box_w = 15, .box_h = 24, .ofs_x = 2, .ofs_y = 0},
    {.bitmap_index = 3442, .adv_w = 307, .box_w = 15, .box_h = 24, .ofs_x = 2, .ofs_y = 0},
    {.bitmap_index = 3622, .adv_w = 307, .box_w = 15, .box_h = 24, .ofs_x = 2, .ofs_y = 0},
    {.bitmap_index = 3802, .adv_w = 307, .box_w = 15, .box_h = 24, .ofs_x = 2, .ofs_y = 0},
    {.bitmap_index = 3982, .adv_w = 307, .box_w = 6, .box_h = 18, .ofs_x = 7, .ofs_y = 1},
    {.bitmap_index = 4036, .adv_w = 307, .box_w = 6, .box_h = 27, .ofs_x = 7, .ofs_y = -8},
    {.bitmap_index = 4117, .adv_w = 307, .box_w = 13, .box_h = 22, .ofs_x = 3, .ofs_y = 0},
    {.bitmap_index = 4260, .adv_w = 307, .box_w = 14, .box_h = 11, .ofs_x = 2, .ofs_y = 4},
    {.bitmap_index = 4337, .adv_w = 307, .box_w = 13, .box_h = 22, .ofs_x = 3, .ofs_y = 0},
    {.bitmap_index = 4480, .adv_w = 307, .box_w = 19, .box_h = 24, .ofs_x = 0, .ofs_y = -1},
    {.bitmap_index = 4708, .adv_w = 307, .box_w = 19, .box_h = 25, .ofs_x = 1, .ofs_y = -3},
    {.bitmap_index = 4946, .adv_w = 307, .box_w = 14, .box_h = 23, .ofs_x = 3, .ofs_y = 0},
    {.bitmap_index = 5107, .adv_w = 307, .box_w = 16, .box_h = 23, .ofs_x = 2, .ofs_y = 0},
    {.bitmap_index = 5291, .adv_w = 307, .box_w = 16, .box_h = 23, .ofs_x = 2, .ofs_y = 0},
    {.bitmap_index = 5475, .adv_w = 307, .box_w = 16, .box_h = 23, .ofs_x = 2, .ofs_y = 0},
    {.bitmap_index = 5659, .adv_w = 307, .box_w = 16, .box_h = 23, .ofs_x = 2, .ofs_y = 0},
    {.bitmap_index = 5843, .adv_w = 307, .box_w = 14, .box_h = 23, .ofs_x = 3, .ofs_y = 0},
    {.bitmap_index = 6004, .adv_w = 307, .box_w = 15, .box_h = 23, .ofs_x = 2, .ofs_y = 0},
    {.bitmap_index = 6177, .adv_w = 307, .box_w = 16, .box_h = 23, .ofs_x = 2, .ofs_y = 0},
    {.bitmap_index = 6361, .adv_w = 307, .box_w = 15, .box_h = 23, .ofs_x = 2, .ofs_y = 0},
    {.bitmap_index = 6534, .adv_w = 307, .box_w = 14, .box_h = 25, .ofs_x = 2, .ofs_y = -2},
    {.bitmap_index = 6709, .adv_w = 307, .box_w = 18, .box_h = 23, .ofs_x = 1, .ofs_y = 0},
    {.bitmap_index = 6916, .adv_w = 307, .box_w = 16, .box_h = 23, .ofs_x = 2, .ofs_y = 0},
    {.bitmap_index = 7100, .adv_w = 307, .box_w = 16, .box_h = 23, .ofs_x = 2, .ofs_y = 0},
    {.bitmap_index = 7284, .adv_w = 307, .box_w = 16, .box_h = 23, .ofs_x = 2, .ofs_y = 0},
    {.bitmap_index = 7468, .adv_w = 307, .box_w = 15, .box_h = 23, .ofs_x = 2, .ofs_y = 0},
    {.bitmap_index = 7641, .adv_w = 307, .box_w = 16, .box_h = 23, .ofs_x = 2, .ofs_y = 0},
    {.bitmap_index = 7825, .adv_w = 307, .box_w = 15, .box_h = 25, .ofs_x = 2, .ofs_y = -2},
    {.bitmap_index = 8013, .adv_w = 307, .box_w = 16, .box_h = 23, .ofs_x = 2, .ofs_y = 0},
    {.bitmap_index = 8197, .adv_w = 307, .box_w = 17, .box_h = 23, .ofs_x = 1, .ofs_y = 0},
    {.bitmap_index = 8393, .adv_w = 307, .box_w = 17, .box_h = 23, .ofs_x = 1, .ofs_y = 0},
    {.bitmap_index = 8589, .adv_w = 307, .box_w = 16, .box_h = 23, .ofs_x = 2, .ofs_y = 0},
    {.bitmap_index = 8773, .adv_w = 307, .box_w = 15, .box_h = 23, .ofs_x = 2, .ofs_y = 0},
    {.bitmap_index = 8946, .adv_w = 307, .box_w = 17, .box_h = 23, .ofs_x = 1, .ofs_y = 0},
    {.bitmap_index = 9142, .adv_w = 307, .box_w = 14, .box_h = 23, .ofs_x = 2, .ofs_y = 0},
    {.bitmap_index = 9303, .adv_w = 307, .box_w = 16, .box_h = 23, .ofs_x = 2, .ofs_y = 0},
    {.bitmap_index = 9487, .adv_w = 307, .box_w = 16, .box_h = 23, .ofs_x = 2, .ofs_y = 0},
    {.bitmap_index = 9671, .adv_w = 307, .box_w = 10, .box_h = 33, .ofs_x = 4, .ofs_y = -7},
    {.bitmap_index = 9836, .adv_w = 307, .box_w = 15, .box_h = 34, .ofs_x = 2, .ofs_y = -7},
    {.bitmap_index = 10091, .adv_w = 307, .box_w = 11, .box_h = 33, .ofs_x = 4, .ofs_y = -7},
    {.bitmap_index = 10273, .adv_w = 307, .box_w = 19, .box_h = 13, .ofs_x = 0, .ofs_y = 14},
    {.bitmap_index = 10397, .adv_w = 307, .box_w = 17, .box_h = 4, .ofs_x = 1, .ofs_y = -5},
    {.bitmap_index = 10431, .adv_w = 307, .box_w = 9, .box_h = 8, .ofs_x = 5, .ofs_y = 19},
    {.bitmap_index = 10467, .adv_w = 307, .box_w = 16, .box_h = 18, .ofs_x = 1, .ofs_y = 0},
    {.bitmap_index = 10611, .adv_w = 307, .box_w = 16, .box_h = 25, .ofs_x = 2, .ofs_y = 0},
    {.bitmap_index = 10811, .adv_w = 307, .box_w = 16, .box_h = 18, .ofs_x = 2, .ofs_y = 0},
    {.bitmap_index = 10955, .adv_w = 307, .box_w = 16, .box_h = 25, .ofs_x = 2, .ofs_y = 0},
    {.bitmap_index = 11155, .adv_w = 307, .box_w = 16, .box_h = 18, .ofs_x = 2, .ofs_y = 0},
    {.bitmap_index = 11299, .adv_w = 307, .box_w = 16, .box_h = 23, .ofs_x = 2, .ofs_y = 0},
    {.bitmap_index = 11483, .adv_w = 307, .box_w = 16, .box_h = 25, .ofs_x = 2, .ofs_y = -7},
    {.bitmap_index = 11683, .adv_w = 307, .box_w = 16, .box_h = 25, .ofs_x = 2, .ofs_y = 0},
    {.bitmap_index = 11883, .adv_w = 307, .box_w = 15, .box_h = 27, .ofs_x = 2, .ofs_y = 0},
    {.bitmap_index = 12086, .adv_w = 307, .box_w = 10, .box_h = 31, .ofs_x = 5, .ofs_y = -4},
    {.bitmap_index = 12241, .adv_w = 307, .box_w = 16, .box_h = 24, .ofs_x = 2, .ofs_y = 0},
    {.bitmap_index = 12433, .adv_w = 307, .box_w = 14, .box_h = 25, .ofs_x = 2, .ofs_y = 0},
    {.bitmap_index = 12608, .adv_w = 307, .box_w = 17, .box_h = 18, .ofs_x = 1, .ofs_y = 0},
    {.bitmap_index = 12761, .adv_w = 307, .box_w = 16, .box_h = 18, .ofs_x = 2, .ofs_y = 0},
    {.bitmap_index = 12905, .adv_w = 307, .box_w = 15, .box_h = 18, .ofs_x = 2, .ofs_y = 0},
    {.bitmap_index = 13040, .adv_w = 307, .box_w = 15, .box_h = 25, .ofs_x = 2, .ofs_y = -7},
    {.bitmap_index = 13228, .adv_w = 307, .box_w = 15, .box_h = 25, .ofs_x = 2, .ofs_y = -7},
    {.bitmap_index = 13416, .adv_w = 307, .box_w = 17, .box_h = 18, .ofs_x = 2, .ofs_y = 0},
    {.bitmap_index = 13569, .adv_w = 307, .box_w = 16, .box_h = 18, .ofs_x = 1, .ofs_y = 0},
    {.bitmap_index = 13713, .adv_w = 307, .box_w = 15, .box_h = 25, .ofs_x = 2, .ofs_y = 0},
    {.bitmap_index = 13901, .adv_w = 307, .box_w = 15, .box_h = 18, .ofs_x = 2, .ofs_y = 0},
    {.bitmap_index = 14036, .adv_w = 307, .box_w = 16, .box_h = 18, .ofs_x = 2, .ofs_y = 0},
    {.bitmap_index = 14180, .adv_w = 307, .box_w = 18, .box_h = 18, .ofs_x = 1, .ofs_y = 0},
    {.bitmap_index = 14342, .adv_w = 307, .box_w = 16, .box_h = 18, .ofs_x = 2, .ofs_y = 0},
    {.bitmap_index = 14486, .adv_w = 307, .box_w = 15, .box_h = 25, .ofs_x = 2, .ofs_y = -7},
    {.bitmap_index = 14674, .adv_w = 307, .box_w = 15, .box_h = 18, .ofs_x = 2, .ofs_y = 0},
    {.bitmap_index = 14809, .adv_w = 307, .box_w = 15, .box_h = 33, .ofs_x = 2, .ofs_y = -7},
    {.bitmap_index = 15057, .adv_w = 307, .box_w = 4, .box_h = 30, .ofs_x = 8, .ofs_y = -5},
    {.bitmap_index = 15117, .adv_w = 307, .box_w = 15, .box_h = 33, .ofs_x = 2, .ofs_y = -7},
    {.bitmap_index = 15365, .adv_w = 307, .box_w = 18, .box_h = 6, .ofs_x = 1, .ofs_y = 7}
};

/*---------------------
 *  CHARACTER MAPPING
 *--------------------*/



/*Collect the unicode lists and glyph_id offsets*/
static const lv_font_fmt_txt_cmap_t cmaps[] =
{
    {
        .range_start = 32, .range_length = 95, .glyph_id_start = 1,
        .unicode_list = NULL, .glyph_id_ofs_list = NULL, .list_length = 0, .type = LV_FONT_FMT_TXT_CMAP_FORMAT0_TINY
    }
};



/*--------------------
 *  ALL CUSTOM DATA
 *--------------------*/

#if LVGL_VERSION_MAJOR == 8
/*Store all the custom data of the font*/
static  lv_font_fmt_txt_glyph_cache_t cache;
#endif

#if LVGL_VERSION_MAJOR >= 8
static const lv_font_fmt_txt_dsc_t font_dsc = {
#else
static lv_font_fmt_txt_dsc_t font_dsc = {
#endif
    .glyph_bitmap = glyph_bitmap,
    .glyph_dsc = glyph_dsc,
    .cmaps = cmaps,
    .kern_dsc = NULL,
    .kern_scale = 0,
    .cmap_num = 1,
    .bpp = 4,
    .kern_classes = 0,
    .bitmap_format = 0,
#if LVGL_VERSION_MAJOR == 8
    .cache = &cache
#endif
};



/*-----------------
 *  PUBLIC FONT
 *----------------*/

/*Initialize a public general font descriptor*/
#if LVGL_VERSION_MAJOR >= 8
const lv_font_t ui_font_kode_bold_32 = {
#else
lv_font_t ui_font_kode_bold_32 = {
#endif
    .get_glyph_dsc = lv_font_get_glyph_dsc_fmt_txt,    /*Function pointer to get glyph's data*/
    .get_glyph_bitmap = lv_font_get_bitmap_fmt_txt,    /*Function pointer to get glyph's bitmap*/
    .line_height = 37,          /*The maximum line height required by the font*/
    .base_line = 9,             /*Baseline measured from the bottom of the line*/
#if !(LVGL_VERSION_MAJOR == 6 && LVGL_VERSION_MINOR == 0)
    .subpx = LV_FONT_SUBPX_NONE,
#endif
#if LV_VERSION_CHECK(7, 4, 0) || LVGL_VERSION_MAJOR >= 8
    .underline_position = -3,
    .underline_thickness = 2,
#endif
    .dsc = &font_dsc,          /*The custom font data. Will be accessed by `get_glyph_bitmap/dsc` */
#if LV_VERSION_CHECK(8, 2, 0) || LVGL_VERSION_MAJOR >= 9
    .fallback = NULL,
#endif
    .user_data = NULL,
};



#endif /*#if UI_FONT_KODE_BOLD_32*/

